birthDateDay,birthDateMonth,birthDateYear,bodytype,cats,childrenHave,childrenWant,diet,dogs,drinking,drugs,educationModifier,educationValue,gender,heightCm,locationCountryCode,locationFormatted,monogamous,orientation,religionModifier,religionValue,sign,smoking,status,username,weed,lat,long
15,7,1976,,,,,,,,never,,,man,0,tw,taipei,,straight,,,,,single,terrygogo,,25.035042602079002,121.51468053134329
31,1,1991,,,,,,,,never,,,man,0,tw,taipei,,straight,,,,,single,terrytzeyeung,,24.990741377777777,121.57554825748987
28,11,1976,average_build,,doesnt_have,wants,,has_dogs,socially,never,,university,woman,160,tw,taipei,monogamous,straight,,,sagittarius,no,single,texastaiwan,,25.04678052573402,121.43866623661971
2,12,1977,fit,,doesnt_have,,,,not_at_all,never,,post_grad,woman,165,tw,taipei,monogamous,straight,,,,no,single,teycafe,,24.949475659369202,121.5211893145518
6,9,1988,average_build,,doesnt_have,might_want,omnivore,,socially,never,,post_grad,man,196,tw,taipei,monogamous,straight,and_its_important,christianity,virgo,no,single,tfrenchyb,,25.047756499408283,121.60251667161198
26,8,1984,,,,,,,,,,,woman,0,tw,taipei,,straight,,,,,single,tfttw,,24.996181990804597,121.5623356098918
15,3,1990,,,doesnt_have,,,,socially,never,,university,woman,166,tw,taipei,,straight,,,,no,single,that-lady,,25.0329636,121.48979654789916
27,6,1990,fit,,,,omnivore,,socially,never,,university,man,178,tw,taipei,,straight,,,cancer,no,single,theaaronlee,,24.977245124926686,121.54878324937586
8,9,1988,,,,,,,,never,,,woman,0,tw,taipei,,straight,,,,,single,theariellin,,25.110258285990337,121.4745177090909
19,9,1994,average_build,has_cats,,,,has_dogs,socially,,,university,woman,165,tw,taipei,,straight,,,,sometimes,single,thebestcatla,,25.031862278414096,121.44678273220339
28,5,1990,thin,,,,omnivore,,socially,,,university,man,180,tw,tai-chung-shih,,straight,,agnosticism,gemini,no,single,theblackpage,,22.60411535642738,120.74767411926278
5,3,1969,average_build,,doesnt_have,might_want,omnivore,,socially,never,,post_grad,man,179,tw,taipei,monogamous,straight,,,pisces,sometimes,single,theformosian,,25.000052207594937,121.5283526517034
23,6,1979,,,,,,,,never,,,woman,163,tw,tai-chung-shih,,straight,,agnosticism,,,single,thehunting,,22.5582015,120.72956428347106
22,4,1991,,,,,,,,,,,man,0,tw,taipei,,straight,,,,,single,thejacopastorius,,25.05774494110787,121.52280384918032
11,9,1994,average_build,,,,,,socially,never,,,man,173,tw,taipei,,straight,,,,sometimes,single,therealutku,,25.35470273043478,121.63832399626168
2,2,1976,,,,,,,,,,,man,0,tw,taipei,,straight,,,,,single,thermotp,,25.097003008866995,121.51242819470014
18,7,1989,fit,,doesnt_have,might_want,,,socially,never,,,man,176,tw,taipei,monogamous,straight,,,cancer,no,single,thib18j,,25.148132139325842,121.91294453049645
19,10,1986,curvy,has_cats,doesnt_have,might_want,vegetarian,,not_at_all,,,university,woman,153,tw,taipei,monogamous,straight,,,libra,,single,thisismorgank,,25.15417572121212,121.71276222319749
5,6,1981,average_build,,doesnt_have,,omnivore,,socially,never,,post_grad,man,185,tw,taipei,,straight,,other,gemini,no,single,thomas_3,,24.941071708108108,121.86608039477125
31,12,1974,,,,,,,,,,,man,0,tw,tai-chung-shih,,straight,,,,,single,thomaserin,,22.9038015,120.64081585932203
15,10,1978,fit,,,,,has_dogs,not_at_all,never,,two_year_college,man,170,tw,taipei,,straight,,,,sometimes,single,thomaskao,,25.126645517211326,121.60065996062175
4,12,1980,,,,,,,,,,,man,0,tw,chung-shan,,straight,,,,,single,thomastaipei,,22.47048737209302,113.36507523041475
29,7,1984,,,doesnt_have,might_want,omnivore,has_dogs,socially,never,,university,man,0,tw,taipei,,straight,,,leo,no,single,thomastu,,25.109731276767675,121.49323017941629
20,5,1985,,,,,,,,,,,woman,0,tw,taipei,,straight,,,,,single,tianxin3208,,25.000196609708738,121.5347362629156
16,5,1989,fit,,doesnt_have,,,,,,,post_grad,man,178,tw,taipei,,straight,,atheism,taurus,,seeing_someone,tibofino,,24.934749314285714,121.55998017690632
11,11,1974,,,,,,,socially,never,,,woman,0,tw,tai-chung-shih,,straight,,,,no,single,tiffany1111wang,,22.674625029411764,120.67923690026211
8,4,1997,,,,,,,,,,,woman,0,tw,taipei,,straight,,,,,single,tiffany_kuo,,25.107509054545453,121.5766768
21,11,1995,,,,,,,,never,,,woman,0,tw,tai-chung-shih,,straight,,,,,single,tiffanydu,,22.607769371485944,120.7120023
5,8,1979,,,,,,,,never,,,woman,0,tw,taipei,,straight,,,,,single,tiffanyii,,24.93663332477064,121.48988008031809
18,11,1978,,,,,,,,never,,,woman,0,tw,kao-hsiung-ka,,straight,,,,,single,tiffanyisapuppy,,22.631675979865772,120.39131842790698
23,6,1970,,,,,,,,never,working_on,university,woman,0,tw,taipei,monogamous,straight,,,,no,single,tiffanysu2015,,25.009350849114522,121.50808414265734
7,9,1996,,,doesnt_have,,,,socially,never,working_on,university,woman,163,tw,taipei,,straight,,,virgo,no,single,tiffanyyyyinabox,,24.795996775355448,121.60833109042905
1,3,1983,,,,,,,,,,,woman,0,tw,tai-chung-shih,,straight,,,,,single,tiffywu,,22.585901167774086,120.66968255078369
1,4,1986,fit,,doesnt_have,wants,,,socially,never,,university,woman,158,tw,hsin-chu,,straight,,catholicism,taurus,no,single,tiger_21taurus,,24.850307687421385,121.05892062772861
13,8,1995,,,,,,has_dogs,socially,never,,,woman,164,tw,kao-hsiung-ka,,straight,,atheism,leo,yes,single,tihanatigi,,22.483550933085503,120.29149080520156
1,1,1983,,,,,,,socially,never,,,man,175,tw,taipei,,straight,,agnosticism,gemini,no,single,timesgone,,25.038301678291813,121.82772188196721
4,11,1992,fit,,,,,,socially,never,,post_grad,man,171,tw,taipei,monogamous,straight,,atheism,scorpio,no,single,timonade,,25.056374971237457,121.65272838730158
2,8,1992,fit,,doesnt_have,doesnt_want,omnivore,has_dogs,often,never,,high_school,man,191,tw,taipei,non_monogamous,straight,but_its_not_important,atheism,leo,sometimes,single,timothyfg,,25.049874535738443,121.6652098802603
6,12,1987,a_little_extra,,doesnt_have,,,,socially,never,,two_year_college,woman,171,tw,hsin-chu,,straight,,catholicism,sagittarius,no,single,tin-tin_fierce,,24.77536816153846,121.04994942680412
16,12,1993,,has_cats,,,omnivore,,socially,never,working_on,university,woman,164,tw,taipei,monogamous,straight,,,sagittarius,sometimes,single,tin1166,,25.03624587571116,121.50860861818181
13,2,1997,a_little_extra,,,,,has_dogs,socially,never,,,woman,158,tw,taipei,,straight,,,aquarius,no,single,tina_76782,,24.944840994636014,121.54955378412699
28,7,1982,,,,,,,,,,,woman,0,tw,nan-tou,,straight,,,,,single,tina_chen1982,,23.72609877114094,120.9927551649025
1,4,1989,,,doesnt_have,might_want,omnivore,,socially,never,working_on,post_grad,woman,158,tw,taipei,,straight,,,aries,no,single,tinaakina,,25.037825836628848,121.5922125142857
9,2,1984,,,,,,,,,,,woman,0,tw,taipei,,straight,,,,,single,ting-ling8861,,24.98653098391846,121.54936254297189
25,11,1995,,,,,,has_dogs,socially,never,,university,woman,166,tw,taipei,,straight,,,,no,single,ting-yu_kuo,,25.090974649723755,121.6123751568075
14,8,1997,,,,,,,not_at_all,never,working_on,university,woman,154,tw,kao-hsiung-ka,monogamous,straight,but_its_not_important,buddhism,leo,no,single,ting9714,,22.595332933747414,120.47364115582822
14,11,1997,,,,,,,,,,,woman,0,tw,kao-hsiung-ka,,straight,,,,,single,ting_2001,,22.46803001522843,120.40858231020408
18,4,1977,,,,,,,socially,,,,woman,0,tw,tai-chung-shih,,straight,,,,no,single,ting_box,,22.578724073609596,120.70806529212598
1,1,1993,,,,,,,socially,,,university,woman,0,tw,taipei,,straight,,,,no,single,ting_qu,,25.170704646831954,121.56777421784037
21,3,1986,,,,,,,,never,,,woman,0,tw,taipei,,straight,,,,no,single,tingting_y,,24.91813106411483,121.57731135008488
21,7,1994,,,,,omnivore,,,,,,woman,0,tw,taipei,,straight,,,,,single,tingtingchang,,24.976441860869564,121.70965756923077
31,10,1990,,,,,,has_dogs,socially,never,,,woman,165,tw,taipei,monogamous,straight,,,,no,single,tingtongtingtong,,24.994065706969206,121.55951663451536
23,2,1984,,,,,,has_dogs,,,,university,woman,168,tw,taipei,,straight,,,pisces,,single,tingtu,,25.235728576958525,121.509516256869
1,1,1986,fit,,,might_want,,,socially,,,university,woman,0,tw,taipei,monogamous,straight,,,pisces,no,single,tingymel,,24.807963599999997,121.59176925187437
8,5,1996,,,,,,,,never,,university,woman,163,tw,tai-chung-shih,,straight,,,taurus,no,single,tingyunnn,,22.595262347240052,120.86584845384616
1,7,1992,curvy,,,,omnivore,,socially,,,university,woman,164,tw,taipei,,straight,,,cancer,,single,tinw,,25.020979578695073,121.54600932427184
23,1,1988,,,,,,,often,never,,,woman,0,tw,kao-hsiung-ka,,straight,,,aquarius,sometimes,single,titinm,,22.587786894736844,120.45591791111111
1,4,1987,fit,,,,,,socially,never,,post_grad,man,178,tw,kao-hsiung-ka,,straight,,,,sometimes,single,tititaiw,,22.558818723320158,120.32818275907928
23,9,1991,,,,,omnivore,,socially,never,,post_grad,man,168,tw,taipei,monogamous,straight,but_its_not_important,christianity,,no,single,tittothomas,,24.978986327272725,121.48642472099792
12,11,1992,thin,,,,,has_dogs,not_at_all,never,,,woman,165,tw,taipei,monogamous,straight,,christianity,scorpio,no,single,tjoanne,,24.975975811668928,121.57680480252844
18,1,1963,average_build,,,,,,socially,never,,two_year_college,man,183,tw,taipei,monogamous,straight,,,capricorn,no,single,tjsudan01,,25.103841874268102,121.56199037388316
1,3,1985,,,,,,,socially,never,,,man,183,tw,taipei,,straight,,,pisces,no,single,tnboyhk,,25.06381659455535,121.74982396312056
9,1,1997,rather_not_say,,doesnt_have,,omnivore,,socially,never,,university,woman,160,tw,taipei,,bisexual,,,,no,single,tntan,,25.087937421989526,121.56748018809034
9,5,1984,,,,,,,socially,,,university,woman,0,tw,taipei,,straight,,,taurus,no,single,to12355686,,24.98130308339483,121.61856689661836
18,1,1995,,,,,,,often,never,,,man,178,tw,tai-chung-shih,,straight,,,,no,single,toaste_szuru,,22.62035385204856,120.69016823886463
12,6,1984,fit,,doesnt_have,might_want,,,socially,,,post_grad,man,186,tw,taipei,,straight,but_its_not_important,atheism,gemini,no,single,tobymichael,,25.184666386377707,121.39876013333333
26,5,1982,,,,,,,,,,,woman,0,tw,taipei,,straight,,,,,single,tochter_chen,,25.056061426086956,121.5528217579832
2,11,1972,fit,,,,,,,never,,post_grad,man,172,tw,tai-chung-shih,,straight,,,scorpio,no,single,tom_chen,,22.904690388888888,120.81628037486631
24,2,1983,,,,,,,,never,,university,man,0,tw,taipei,,straight,,,,,single,tomascupid_taco,,25.082687356906074,121.53876013333333
5,7,1991,,,,,,,,never,,,man,0,tw,taipei,,straight,,,,,single,tomgott,,25.046338085596705,121.5184571030303
1,7,1974,average_build,,doesnt_have,,vegetarian,has_dogs,socially,never,,post_grad,woman,158,tw,taipei,monogamous,straight,,other,cancer,no,single,tomorrowisthecat,,25.0709382835443,121.80383739602648
21,11,1981,,,,,,,socially,,,university,man,187,tw,taipei,,straight,,,,no,single,tomwaitsmania,,25.12258624150943,121.62435227660312
24,10,1982,,,,,,,,,,,man,0,tw,taipei,,straight,,,,,single,tonnyhoose,,25.05470273043478,121.52815310457933
22,12,1981,fit,,doesnt_have,wants,,,socially,never,working_on,university,man,0,tw,taipei,,straight,,,,no,single,tony_lu,,24.979411687431693,121.59359581408451
31,8,1984,a_little_extra,,doesnt_have,wants,,has_dogs,socially,,,university,man,188,tw,tai-chung-shih,monogamous,straight,,catholicism,virgo,no,single,tonyintaiwan,,22.578468166666667,120.64843640852713
2,6,1991,fit,,,,,,,,,,man,175,tw,taipei,,gay,,,,,single,tonykch,,24.989886676923074,121.54893504587706
9,8,1993,fit,,,,,,socially,never,,university,man,178,tw,taipei,,straight,,,leo,no,single,tonylee0809,,25.054055411414392,121.53953683236246
16,12,1985,fit,,,,,,socially,never,,post_grad,man,170,tw,taipei,,straight,,,,no,single,tonywongk21,,24.987509054545452,121.57805306262625
7,10,1970,,,,,,,,,,,woman,0,tw,taipei,,straight,,buddhism,,no,single,toots70,,24.971613906748466,121.54711178168498
28,2,1984,average_build,,,,,,not_at_all,never,,university,man,178,tw,taipei,,straight,,atheism,pisces,no,single,topkenary,,24.99242305945946,121.55989582654867
7,3,1978,average_build,,,,,,socially,never,,,man,0,tw,taipei,,straight,but_its_not_important,buddhism,pisces,,single,toyzmachine,,24.97478178181818,121.64085783448276
8,12,1976,average_build,,doesnt_have,might_want,,,not_at_all,never,,university,woman,168,tw,taipei,,straight,,,sagittarius,no,single,tp_vic,,24.993554733004924,121.61444640784313
23,9,1971,average_build,,,,,,socially,never,,post_grad,man,0,tw,taipei,monogamous,straight,,,libra,no,single,tqptl,,25.1082324172043,121.60809638424507
18,8,1972,fit,has_cats,doesnt_have,,,,socially,never,,post_grad,woman,164,tw,taipei,monogamous,straight,,,leo,no,single,tracy0818,,24.97958840376766,121.502533718239
23,7,1984,,,,,,,socially,never,,,woman,166,tw,tai-chung-shih,,straight,,,,no,single,tracy723thecat,,22.60077417759563,120.68807282896725
19,4,1994,,,,,,,,,,,woman,0,tw,taipei,,straight,,,,,single,tracychen123,,25.0329636,121.62816687682458
10,2,1983,average_build,,doesnt_have,wants,omnivore,,socially,never,,university,woman,161,tw,taipei,monogamous,straight,,christianity,aquarius,no,single,tracyhsieh7,,25.081267813771838,121.61493175049505
25,5,1980,average_build,,doesnt_have,,omnivore,has_dogs,socially,never,,university,woman,168,tw,chang-hua,monogamous,straight,,,,no,single,travel_alone,,24.092799949048626,120.61839145594405
12,8,1977,,,,,,,,never,,,man,0,tw,taipei,,straight,,,,,single,travelfriend99,,24.991087553098826,121.62397480936768
21,10,1995,,,doesnt_have,might_want,,has_dogs,not_at_all,never,working_on,university,man,170,tw,taipei,,straight,,,sagittarius,no,single,travielancer,,25.4079636,121.49952422120343
29,10,1975,,,,,,,,never,,,man,0,tw,taipei,,straight,,,,,single,trek2100,,25.297513864550265,121.67553915955055
12,6,1970,,,,,,,,,,,man,0,tw,taipei,,straight,,,,,single,trey50asaurus,,25.087323735900338,121.5464874060606
7,8,1990,,,,,,,,,,,woman,0,tw,kao-hsiung-ka,,straight,,,,,single,tricialeeasaurus,,22.625134050505054,120.34862359389314
5,9,1979,thin,,,,,,socially,never,,post_grad,woman,160,tw,taipei,,straight,,,,,single,trippingt,,25.004893424561402,121.61953127761194
1,1,1972,,,,,,,,,,,woman,0,tw,taipei,,straight,,,,,single,tripwonder,,25.068228083627204,121.60109558980892
30,4,1988,,,,,,,,,,,woman,0,tw,taipei,,straight,,,,,single,tristy_c,,25.01492752785571,121.55007851192444
6,3,1984,fit,,doesnt_have,might_want,omnivore,,socially,,,university,man,184,tw,taipei,,straight,,,pisces,no,single,tropicalholiday,,25.062897081152993,121.57120714682081
21,12,1973,used_up,,doesnt_have,might_want,omnivore,,not_at_all,never,,university,man,187,tw,tai-chung-shih,monogamous,gay,and_laughing_about_it,other,sagittarius,no,single,troubletaiwan,,22.500997874622357,120.963970803937
13,10,1970,average_build,,,,,has_dogs,socially,never,,university,man,173,tw,taipei,,straight,,,libra,no,single,troyhan,,24.932347583572895,121.65413647741936
10,2,1987,,,,,,,socially,never,,,man,0,tw,hsin-chu,,straight,,,,no,single,troyskur,,24.77061982345679,120.95188499955457
3,2,1979,,,doesnt_have,might_want,,,,never,,post_grad,woman,0,tw,kao-hsiung-ka,,straight,,,aquarius,no,single,truejean,,22.532877472505092,120.37706486451613
4,2,1993,,,,,,,,,,,man,0,tw,taipei,,straight,,,,,single,trun-cheng,,25.11428890120482,121.52814609824561
23,11,1985,,,,,omnivore,has_dogs,socially,never,,post_grad,man,188,tw,taipei,,straight,,,,sometimes,single,tsaitang,,25.038076074437626,121.77078394285714
6,2,1987,,,,,,,socially,never,dropped_out_of,university,woman,158,tw,taipei,,straight,and_laughing_about_it,other,aquarius,no,single,tsaitracy,,24.929870816494844,121.54619603076922
6,10,1979,average_build,,,,,has_dogs,socially,never,,university,woman,0,tw,jen-mei,,straight,,buddhism,libra,no,single,tsc020,,24.312736940668824,115.9862890777202
28,12,1979,,,,,,,,,,,woman,160,tw,kao-hsiung-ka,,straight,,,,,single,tshui,,22.54808032743363,120.31564728027445
26,2,1995,,,,,,,,never,,,woman,0,tw,taipei,,straight,,,,,single,tsui09,,24.85547442251082,121.54932138272328
4,8,1979,overweight,has_cats,,,,,not_at_all,never,,,woman,174,tw,taipei,,straight,,,leo,no,single,tsunyichang,,25.070000637037037,121.52465941390886
31,1,1991,,,,,,,,never,,,woman,0,tw,taipei,,straight,,,,,single,tt0131,,25.085220132066507,121.70936619393939
9,5,1982,,,,,,,,never,,,woman,0,tw,taipei,,straight,,,,,single,ttevava99,,24.997875880701752,121.52681162023968
15,8,1975,,,,,,,,never,,,woman,161,tw,taipei,,straight,,,,,single,tullysthecat,,24.968792477005348,121.79385319593908
19,3,1985,,,,,,,,never,,,man,0,tw,taipei,,straight,,,,,single,tung2014,,25.044370444106463,121.50817489160305
22,11,1981,fit,,doesnt_have,wants,,,socially,never,,post_grad,woman,157,tw,kao-hsiung-ka,monogamous,straight,and_its_important,christianity,,,single,tur5,,22.67518765921788,120.6385130937063
24,12,1982,,,,,,,,never,,,man,0,tw,taipei,,straight,,,,,single,turbocid,,25.039024206060606,121.56129456859505
4,12,1974,,,,,,,,never,,university,woman,153,tw,taipei,monogamous,straight,,,,no,single,turquoise_maruko,,24.87466244169884,121.51145854603175
11,9,1990,,,,,omnivore,,,never,,university,man,172,tw,tai-chung-shih,,straight,,,virgo,no,single,tusn-wu-yung,,22.746805866812227,120.49661768461537
27,11,1998,,,,,,,,,,,woman,0,tw,taipei,,straight,,,,,seeing_someone,twcindy,,25.014908044444443,121.5654268
2,7,1984,,,,,,,,,,,man,0,tw,taipei,,straight,,,,,single,twhandsome,,25.09562024160401,121.62928376040868
27,2,1987,,,,,,,,never,,,woman,0,tw,taipei,,straight,,,,,single,twinscc,,25.004196476712327,121.62291545355522
4,4,1991,thin,,doesnt_have,,,,often,never,,,woman,170,tw,taipei,,bisexual,,christianity,,sometimes,single,twjaz,,25.0329636,121.49371365258963
7,9,1986,thin,,doesnt_have,might_want,omnivore,,socially,never,,university,man,170,tw,taipei,,straight,,atheism,virgo,no,single,twn_interpreter,,24.98807581945137,121.62285923243243
10,7,1978,,,,,,,,never,working_on,university,woman,0,tw,taipei,,straight,,,,,single,twshufen,,24.973543310144926,121.54000307118643
20,11,1968,thin,,doesnt_have,,omnivore,,socially,never,,,woman,163,tw,taipei,,straight,,,scorpio,no,single,twtulip,,24.99588732881356,121.62502944900662
18,12,1977,,,,,,,,,,,woman,0,tw,taipei,,straight,,,,,single,tyleetmp,,25.0798386,121.57728450750987
7,5,1980,jacked,,doesnt_have,,vegetarian,,socially,never,,post_grad,man,180,tw,ta-an,monogamous,straight,and_laughing_about_it,atheism,,no,single,tylenchus,,47.17919592944162,7.838548413091641
23,10,1980,,,,,,,,never,,university,woman,164,tw,taipei,monogamous,straight,,,,no,single,tzuti23,,25.055385124663676,121.41630399298245
28,6,1992,fit,,,,,,,never,,,man,180,tw,taipei,,straight,,,,,single,uccaa,,25.01440689896907,121.63162398309859
20,5,1998,,,doesnt_have,wants,,has_dogs,,,,,woman,167,tw,tai-chung-shih,monogamous,straight,,,,no,single,uguggirl,,22.720906605105107,120.633929210299
27,11,1981,,has_cats,,,,,not_at_all,never,,university,woman,170,tw,taipei,,bisexual,,,sagittarius,no,single,umademilan,,24.997022796617333,121.52542679999999
23,7,1989,average_build,,,,,,socially,never,,,woman,165,tw,taipei,,straight,,,,no,single,unafrog,,25.155150095176847,121.50961284651163
30,9,1979,average_build,,doesnt_have,wants,,,not_at_all,never,,university,woman,168,tw,taipei,monogamous,straight,,,libra,no,single,unawang,,25.018185274876846,121.50710532062588
10,3,1990,fit,,,,,,,,,,woman,0,tw,chi-lung,,straight,,,,,single,unechimere33,,25.282705340816328,121.72663849713261
10,11,1990,fit,,,,,,,,,,man,178,tw,taipei,,straight,,,,no,single,uniqsteven,,24.936578057831323,121.74443914567901
1,12,1972,fit,,has,,omnivore,,socially,never,,post_grad,man,170,tw,taipei,monogamous,straight,but_its_not_important,agnosticism,,no,single,univenture,,25.030379620671834,121.59077242211981
9,7,1980,,,,,omnivore,,socially,never,,post_grad,man,176,tw,taipei,monogamous,straight,,christianity,cancer,no,single,unkelsunk,,25.02020849795918,121.50236373693693
12,1,1986,,,,,,,socially,,,,woman,0,tw,taipei,,straight,,,,no,single,upgogogo,,25.069248070246733,121.49916173975903
1,1,1971,a_little_extra,,,,,,socially,never,,,man,185,tw,tai-chung-shih,,straight,,,,sometimes,married,usedtohavehair,,22.605937135018497,120.75994750547945
1,1,1988,,,,,vegetarian,,socially,never,,university,man,174,tw,taipei,,straight,,,,no,single,userxxxxtpe,,25.001368023380724,121.58639665583223
10,1,1980,average_build,,doesnt_have,,omnivore,has_dogs,socially,sometimes,,post_grad,woman,163,tw,taipei,,straight,but_its_not_important,agnosticism,capricorn,no,single,ushnej,,25.029794027892233,121.58711354698795
23,10,1982,,,,,,,socially,,,,woman,160,tw,tai-chung-shih,,straight,,,,no,single,uutoo1023,,22.600824541474655,120.73024264334764
21,10,1976,,,,,,,,,,,man,0,tw,taipei,,straight,,,,,single,uzordhonest,,25.239149167010307,121.58256965714286
1,8,1990,,,,,,,,,,,woman,0,tw,taipei,,straight,,,,,single,v33733v,,24.724552385046728,121.64001887459207
25,5,1971,average_build,,doesnt_have,might_want,omnivore,,,never,,two_year_college,man,180,tw,nan-tou,monogamous,straight,,,gemini,,single,vajrasiddhi,,23.888129882945737,120.99441171431792
26,6,1989,fit,,doesnt_have,might_want,,,socially,never,,university,man,185,tw,shui-ku-tou,,straight,,,,no,single,valentin89s,,28.054621035411472,120.707884154717
5,4,1983,,,,,,has_dogs,socially,never,,university,man,180,tw,taipei,,gay,,,aries,no,single,valterosaul,,25.080963599999997,121.5168683781487
4,6,1984,,,,,,,,never,,,woman,0,tw,taipei,,straight,,,,,single,vancy64,,25.05814723064008,121.42215194619882
5,2,1986,,,,,,,,never,,,woman,0,tw,taipei,,straight,,,,,single,vane-wonderland,,24.72861577391304,121.73933984347826
3,10,1984,average_build,,doesnt_have,might_want,,,socially,never,,university,woman,161,tw,taipei,,straight,,,libra,no,single,vaneilo,,24.989231821574343,121.55957199906322
11,5,1992,,has_cats,,,,,,,dropped_out_of,university,woman,0,tw,tai-chung-shih,monogamous,straight,,,,,open_relationship,vanessa810511,,22.619817564257026,120.67801107192982
7,12,1989,fit,,doesnt_have,wants,,,,never,,post_grad,woman,170,tw,taipei,monogamous,straight,,,sagittarius,no,single,vanessacy,,24.965623532659933,121.67888326437995
20,1,1993,,,,,,,,never,,,woman,0,tw,tai-chung-shih,,straight,,,,,single,vanessaleeinabox,,22.63718307894737,120.730020318018
24,8,1982,,,,,,,socially,,,,woman,160,tw,taipei,,straight,,,,no,single,vanessaling,,25.059148138653367,121.51831759229121
23,9,1994,,,,,,,,,,,woman,0,tw,taipei,,straight,,,,,single,vanessawang_cher,,25.102915905246423,121.57241980699301
29,10,1988,average_build,,,,,,socially,never,working_on,post_grad,man,180,tw,taipei,,straight,,,,sometimes,single,vanii40,,25.014493943007913,121.53916859431072
28,7,1996,,,,,,,,,,,man,0,tw,taipei,,straight,,,,,single,vannessz,,25.463998082758618,121.92677133781513
18,9,1992,,,doesnt_have,,,,,never,,university,man,0,tw,taipei,,straight,,,,no,single,varcty,,25.014404648034933,121.51370266206897
4,3,1992,,,,,,,socially,,working_on,university,man,0,tw,taipei,,straight,,other,,no,single,varstotas,,25.04749848372093,121.55373089356725
22,9,1978,average_build,,doesnt_have,doesnt_want,omnivore,,socially,never,,university,man,165,tw,tai-chung-shih,,straight,and_laughing_about_it,atheism,virgo,no,single,vasterwin,,22.665419820610687,120.6426648577812
22,10,1986,fit,,,,vegetarian,,,never,,university,woman,160,tw,tai-chung-shih,,bisexual,,,libra,no,single,vatani_hsin,,22.53597888359202,120.85046383846154
18,11,1987,fit,,doesnt_have,wants,omnivore,,socially,never,working_on,post_grad,woman,163,tw,taipei,monogamous,straight,but_its_not_important,buddhism,scorpio,no,single,veasnalee,,24.996337628856825,121.52825653621103
20,6,1985,fit,,doesnt_have,might_want,omnivore,,socially,never,,post_grad,man,175,tw,taipei,,bisexual,but_its_not_important,atheism,,no,single,veblen_goods,,24.99577351735537,121.46394165148514
26,5,1988,,,,,,,,,,,woman,0,tw,yan-shan,,straight,,,,,single,velopethecat,,21.542943438902746,110.2923290698577
5,9,1993,,,,,,,,never,,,woman,161,tw,hsin-chu,,straight,,christianity,,,single,veniecerio,,24.76740112857143,120.95088752227488
29,11,1987,,,,,,,socially,never,,,woman,0,tw,tai-chung-shih,,straight,,christianity,sagittarius,no,single,venusjanairo,,22.638411983042136,120.79036050895522
12,1,1981,,,,,,,,,,,woman,0,tw,taipei,,straight,,,,,single,venven2828,,25.099433319350073,121.53601503529411
6,6,1992,,,,,,,,never,working_on,university,woman,0,tw,taipei,,bisexual,,,,,single,verbisnoun,,25.083718058161864,121.61627425762711
1,4,1979,,,,,,,,never,,,woman,0,tw,tai-chung-shih,,straight,,,,,single,verna-v,,22.84657073076923,120.76120442765956
10,3,1993,,,,,vegetarian,,socially,never,working_on,,woman,0,tw,taipei,,straight,,,,no,open_relationship,vernachen1,,24.953965526782273,121.58307385882352
22,3,1989,fit,,,,,,socially,,,,woman,168,tw,taipei,,straight,,,,no,single,vernalrosa,,24.976226011347517,121.52956182109705
17,9,1990,,,doesnt_have,might_want,omnivore,,socially,never,working_on,university,woman,0,tw,taipei,,straight,,,virgo,no,single,veroniqueu,,25.08876717142857,121.53090564187082
28,11,1983,average_build,,doesnt_have,wants,omnivore,,socially,never,,,woman,160,tw,taipei,monogamous,straight,,atheism,sagittarius,no,single,veronyh,,25.0329636,121.53525438620689
18,10,1981,,,,,,,,never,,,woman,0,tw,taipei,,straight,,,,,single,verxchan,,24.60703767407407,121.57564826507665
27,7,1980,fit,,doesnt_have,might_want,omnivore,has_dogs,not_at_all,never,working_on,post_grad,woman,173,tw,taipei,monogamous,straight,,,leo,sometimes,single,vetfion,,25.00311285373134,121.54327840575858
20,5,1969,thin,,has,,,has_dogs,socially,,,post_grad,woman,168,tw,taipei,,straight,,,,no,single,vian0520,,25.01877920283688,121.55029820695916
2,12,1984,,,,,,,,never,,,woman,0,tw,taipei,,straight,,,,,single,vicachka,,25.061971233587784,121.8203287607843
6,3,1987,,,,,,,,never,,,woman,0,tw,taipei,,straight,,,,no,single,vicki_liu,,25.094056847588423,121.60100732434456
8,9,1981,average_build,has_cats,,,,,socially,never,,,woman,0,tw,taipei,,straight,,,,no,single,vickietung,,24.983883845398772,121.37098235555555
8,5,1994,thin,,,,,has_dogs,socially,never,,,woman,0,tw,taipei,,straight,,,,,open_relationship,vicky0508,,25.095626785378588,121.53771317413394
21,5,1990,,,doesnt_have,,omnivore,has_dogs,socially,never,,university,woman,160,tw,taipei,,straight,,,,no,single,vicky79521,,25.113608761290322,121.62657329681528
1,12,1983,,,,,,,,never,,,man,0,tw,taipei,,straight,,,,,single,victor12tsai,,25.03003962339181,121.65876013333333
19,9,1984,full_figured,,,,,,socially,never,,two_year_college,woman,167,tw,tai-chung-shih,,straight,,islam,virgo,no,single,victoriauw,,22.704794474238877,120.64887098686869
22,11,1981,a_little_extra,,has,doesnt_want,,,not_at_all,never,,,woman,0,as,"cairns, australia",,straight,,,,yes,single,victoriayangtron,,-16.85999284144144,145.798421398778
7,5,1984,,,doesnt_have,wants,,,not_at_all,never,,university,woman,0,tw,taipei,,straight,,,,no,single,vienchang,,25.036586788405796,121.57386053493975
30,9,1988,,,,,,,,never,,,man,0,tw,taipei,,straight,,,,,single,vince0930,,24.953826909352518,121.61251200179372
1,10,1976,,,,,,,,,,,man,0,tw,taipei,,straight,,,,,single,vincent55217,,25.00581427873303,121.50980257255871
20,6,1974,,,,,,,,,,,man,0,tw,taipei,,straight,,,,,single,vincentsungemini,,25.08938616902761,121.22954893740457
9,2,1991,,,,,,,,,,,man,0,tw,taipei,,straight,,,,,single,vincentyang0209,,25.12527129230769,121.58292971715285
1,11,1968,fit,,,,omnivore,,socially,never,,post_grad,man,180,tw,taipei,,straight,,,,no,single,vincetaiwan,,25.039622867480574,121.52928222168674
23,6,1994,,,,,,,,,,,man,0,tw,kao-hsiung-ka,,straight,,,,,single,vindieselli,,22.615326674418608,120.3785977186906
8,6,1983,fit,,,,,,,,,post_grad,man,184,tw,taipei,,straight,,,gemini,,single,vinividivincent,,25.012221241921395,121.52422076984924
1,3,1998,,,,,,,,,,,woman,0,tw,kao-hsiung-ka,,straight,,,,,single,violaaaaaaaaaaaa,,22.542445091954026,120.3576136303095
16,4,1981,,,,,,,,,,,woman,0,tw,hsin-chu,,straight,,,,,single,violy89,,24.745336549315066,120.98495771748252
29,4,1986,,,,,,,,,,,woman,0,tw,taipei,,straight,,,,,single,vipasyanana,,25.017903359036143,121.61744992138728
21,11,1971,average_build,,doesnt_have,wants,omnivore,,socially,never,,post_grad,man,171,tw,taipei,,straight,but_its_not_important,buddhism,scorpio,no,single,virtualbug,,25.11404468108108,121.62443796427432
8,3,1982,,,,,,,,,,,woman,0,tw,taipei,,straight,,,,,single,vitality2010,,25.08519094254992,121.32190348393782
18,3,1989,full_figured,,,wants,,,socially,never,,university,woman,164,tw,kao-hsiung-ka,,straight,,,,no,single,vitashen,,22.595308468242248,120.36802404709785
28,6,1979,average_build,has_cats,doesnt_have,,,,socially,,,university,woman,0,tw,taipei,monogamous,straight,,,cancer,no,single,vitawubaby,,25.0372325434365,121.49985302950819
5,10,1974,,,,,,,,never,,,woman,0,tw,taipei,,straight,,,,,married,vivian41,,25.1458162645768,121.51737485194805
2,9,1981,,,,,,,,never,,,woman,0,tw,taipei,,straight,,,,,single,vivianawang,,24.892118529577463,121.61737485194804
21,4,1970,,,,,,,,,,,woman,0,tw,taipei,,straight,,,,,single,vivianelien,,25.05379693333333,121.6077384615067
4,9,1988,fit,has_cats,,,,,socially,,,,woman,0,tw,taipei,,straight,,,,no,single,vivianhuang95,,24.996513520760697,121.51997225454545
6,11,1970,,,,,,,,never,,,woman,0,tw,taipei,,straight,,,,,single,vivianlatte,,24.94914293723197,121.4031626490566
7,11,1984,curvy,,doesnt_have,wants,omnivore,,socially,never,,university,woman,164,tw,taipei,monogamous,straight,,buddhism,scorpio,no,single,vivianlu7,,25.007647144303796,121.61381389677419
25,6,1991,,,,,,,,,,,woman,0,tw,hsin-chu,,straight,,,,no,single,vivichan_taco,,24.858874745045046,121.00982814117647
3,12,1982,,,,,,,,,,,woman,0,tw,taipei,,straight,,,,,single,vividivertirme,,25.01450206153846,121.5151123345912
5,2,1986,curvy,,,,,,socially,never,,,woman,170,tw,taipei,,straight,,,,yes,single,viviwu,,25.10121756825397,121.60001799496855
1,1,1986,fit,,doesnt_have,might_want,,,socially,never,,university,woman,155,tw,taipei,,straight,,,capricorn,no,single,viz-,,25.17169192369942,121.5654268
14,1,1990,overweight,,doesnt_have,,omnivore,has_dogs,not_at_all,never,,university,woman,173,tw,taipei,,straight,,other,capricorn,no,single,vjhonsial311,,25.049912752542372,121.61405259281183
5,11,1987,,,,,vegetarian,,socially,never,,,woman,163,tw,tai-chung-shih,,straight,,agnosticism,,no,single,vkonstanz,,22.62792939415656,120.71592386862744
4,12,1983,,,,,,,socially,never,,,man,178,tw,taipei,,straight,,,,no,single,vnace,,25.034344815469613,121.47470099354838
30,1,1989,thin,,,,omnivore,,socially,never,,post_grad,man,0,tw,taipei,monogamous,straight,,,aquarius,no,single,vocanol_jing,,25.004148231803626,121.58330674891442
18,3,1983,,,,,,,,never,,,man,0,tw,taipei,,straight,,,,,single,vuongo,,25.060712829188077,121.56005623071965
26,8,1995,,,,,,has_dogs,socially,never,,university,woman,159,tw,kao-hsiung-ka,monogamous,straight,,,virgo,no,single,vvnanan,,22.631944233785823,120.28138497109144
1,6,1982,average_build,,doesnt_have,,,,socially,never,,post_grad,woman,165,tw,taipei,,straight,,,gemini,no,single,vw61,,25.019416801970443,121.65677295384616
21,12,1994,,,,,,,socially,,,,woman,0,tw,taipei,,straight,,,,no,single,w-e-n,,25.01960057104677,121.50200185285412
1,10,1984,,,,,,,,never,,,woman,168,tw,fen-chi-hu,,straight,,,,,single,w33wangliling,,23.552583393528504,120.7196442002004
22,4,1992,,,doesnt_have,,,,often,never,,university,man,0,tw,taipei,,straight,,,,sometimes,single,w60830g,,25.041501486873,121.5654268
9,5,1994,fit,,doesnt_have,doesnt_want,,,,never,working_on,university,woman,152,tw,tai-chung-shih,,straight,,,,no,single,wadsl0123,,22.382791791262136,120.73163152573609
1,9,1990,,,,,,,,,,,man,0,tw,taipei,,straight,,,,,single,wahyudi_saputra,,24.969654247482012,121.49437884262878
31,3,1990,average_build,,,,,,,never,,,man,175,tw,tai-chung-shih,,straight,,,,no,single,wai-ting,,22.689195995412845,120.72864914898929
10,10,1984,,,,,,,,,,,man,0,tw,taipei,,straight,,,,,single,waigoren,,25.027921583193276,121.53465756923076
2,10,1988,thin,,,,omnivore,,socially,never,,post_grad,woman,157,tw,taipei,,straight,,,libra,no,single,waitplz,,25.039600768141593,121.59643455193797
12,2,1974,,,,,,,socially,never,,,man,0,tw,tai-chung-shih,,straight,,,,no,seeing_someone,wallrs,,22.52310487078652,120.66081182380952
29,8,1992,,,,,,has_dogs,socially,never,,,woman,168,tw,taipei,monogamous,straight,,,,no,single,wancu,,25.02422997554585,121.57477259439253
3,5,1989,average_build,,doesnt_have,might_want,,,socially,,working_on,post_grad,man,195,tw,taipei,,straight,and_laughing_about_it,catholicism,,no,single,wanderinirish,,25.103551835294116,121.64249102018348
3,1,1986,fit,,doesnt_have,doesnt_want,omnivore,,socially,never,,university,man,173,tw,taipei,,straight,,,,no,single,wanderlust690,,24.916486327272725,121.58091733356282
29,7,1993,thin,,doesnt_have,,omnivore,,socially,never,working_on,university,woman,159,tw,tai-chung-shih,,straight,,,leo,no,single,wanny_kao,,22.644548933264886,120.76372643793103
16,5,1981,fit,,doesnt_have,might_want,omnivore,,socially,never,,,woman,172,tw,taipei,monogamous,straight,,,taurus,no,single,wanyishen,,25.00119102474916,121.53035892669683
29,12,1985,,,,,,,,never,,,woman,0,tw,taipei,,straight,,,,,single,wanyor,,24.952703296312365,121.53167902024866
18,3,1991,fit,,,,,,socially,never,,,man,178,tw,taipei,,straight,,,,no,single,warrengao,,25.01938335308642,121.59551103586041
27,12,1968,,,,,,,,,,,woman,0,tw,taipei,,straight,,,,,single,wasamigirlatgmai,,25.096951695238094,121.60205277114318
24,4,1980,fit,,doesnt_have,,omnivore,,socially,never,,post_grad,man,174,tw,taipei,,straight,,,taurus,no,single,wawrinkac,,25.225120462745096,121.46992118202247
16,8,1990,fit,,,,,,socially,never,,,man,178,tw,taipei,,straight,,,,,single,wayne816,,25.022636577624784,121.4670016031496
13,2,1992,thin,,doesnt_have,,,,socially,never,,university,man,180,tw,taipei,monogamous,straight,,,aquarius,no,single,wayneshu,,25.03515418050383,121.81997225454545
29,6,1993,thin,,,,,,socially,never,,,man,168,tw,taipei,,straight,,,,no,single,waystobe,,24.87095242681564,121.66664137489879
24,6,1990,a_little_extra,,doesnt_have,,,,socially,never,working_on,university,woman,168,tw,taipei,,straight,,,,no,single,wazs,,25.091931658968058,121.51760071304348
20,3,1994,,,,,,,,never,,university,man,0,tw,taipei,,straight,,,,no,single,we830320,,25.034971632128514,121.60565668505747
18,10,1987,,,,,,,,never,,,man,0,tw,taipei,,straight,,,,,single,webberhou,,25.104980060905348,121.48758248862275
7,6,1995,,,,,,has_dogs,,never,,university,woman,155,tw,tai-chung-shih,,straight,,,gemini,no,single,wei060711,,22.7442061692607,120.7202497226804
13,8,1994,thin,,doesnt_have,,omnivore,has_dogs,not_at_all,never,,university,woman,158,tw,taipei,,bisexual,,,leo,no,single,wei_taiwan,,24.98663591638418,121.46852757519379
22,1,1987,average_build,has_cats,doesnt_have,might_want,omnivore,,socially,never,,university,man,177,tw,taipei,,straight,,,aquarius,no,single,weichiachi,,25.054635426625385,121.50773449230769
31,12,1978,,,,,,,not_at_all,never,,university,woman,162,tw,taipei,,straight,,,,no,seeing_someone,weifengpiaoyang,,25.012761579797978,121.52889094073072
29,9,1979,,,,,,,,,,,woman,0,tw,taipei,,straight,,,,,single,weili_calico,,25.10407471111111,121.6154268
11,6,1982,,,,,,,,,,,woman,0,tw,taipei,,straight,,,gemini,,single,weiling_c,,25.02657382364217,121.50335783448276
10,3,1987,thin,,,,,has_dogs,,never,,post_grad,woman,155,tw,taipei,monogamous,straight,,,pisces,,single,weiningy,,25.012166372963602,121.5912332516129
25,9,1992,full_figured,,,,,,socially,never,,university,man,180,tw,taipei,,straight,,atheism,libra,no,single,weiproteinshake,,24.96094143933518,121.54171138498023
5,2,1978,,has_cats,,,,,socially,never,,university,man,0,tw,taipei,,straight,,,,no,single,weitingyan,,25.003961279814384,121.60821408606357
25,5,1989,,,,,,,,,,,woman,0,tw,tai-chung-shih,,straight,,,,,single,weiweilovescat,,22.612138496336996,120.71738829640933
4,7,1995,,,doesnt_have,,,,,never,,,woman,0,tw,kao-hsiung-ka,,bisexual,,,,no,single,weiyu74,,22.55320042857143,120.29700805786163
18,2,1988,,,,,,,,never,,,man,0,tw,kao-hsiung-ka,,straight,,,,,single,weiyyang,,22.693481459016397,120.36575652067039
29,3,1995,thin,,doesnt_have,,omnivore,,not_at_all,never,working_on,university,woman,163,tw,chang-hua,,straight,,,aries,no,single,wendy03asaurus,,23.954991633333332,120.58972012727273
13,7,1989,,,,,,,,,,,woman,0,tw,taipei,,straight,,,,,single,wendy713haha,,25.106556673593072,121.5972543154004
4,10,1995,average_build,,doesnt_have,,omnivore,,socially,never,working_on,university,woman,155,tw,tai-chung-shih,,straight,,,libra,sometimes,single,wendy_wu,,22.589393049295776,120.68541270462427
9,12,1994,thin,,,,,,,never,,university,woman,162,tw,taipei,,straight,,,sagittarius,no,single,wendyqing,,24.98345864950495,121.60973059746836
23,3,1992,fit,,doesnt_have,,,has_dogs,socially,never,,university,woman,160,tw,taipei,,straight,,,,no,single,wendywang-,,24.81654568955224,121.52183705641025
7,6,1976,,,,,,,,never,,,woman,164,tw,taipei,,straight,,,,no,single,wenew65,,24.973823815053763,121.53383506245443
2,3,1994,,,,,,,,never,,,woman,0,tw,taipei,,straight,,,,,single,wenmin_032,,24.95102691471136,121.46658959069767
13,10,1992,,,,,,,,,,,man,0,tw,taipei,,straight,,,,,single,westlyn2,,24.984604359930913,121.51617919398085
13,11,1986,,,,,,,not_at_all,never,,,man,0,tw,tai-chung-shih,,straight,,,,no,single,whackooo,,22.657090523162136,120.89418853481781
10,11,1977,fit,,,,omnivore,,socially,never,,university,woman,157,tw,taipei,,straight,,,,,single,whatever16544,,25.02325486213592,121.55328105101215
29,8,1985,,,,might_want,,,socially,never,,post_grad,woman,166,tw,taipei,,straight,,,,sometimes,single,whatsupnikki,,25.009154076190473,121.59471550292886
25,2,1990,curvy,,,,,,,,,,man,109,tw,taipei,,straight,and_its_important,,,,single,wheatlyinapotato,,25.022557772736732,121.35663559120879
1,6,1982,,,,,,,socially,never,,,woman,0,tw,taipei,,straight,,,,no,single,wheloon0601,,25.080154611235955,121.57253917553342
21,6,1985,,,,,,,,never,,,man,0,tw,taipei,,straight,,,,,single,white_doraemon,,25.07345655774648,121.54831188557456
23,1,1970,a_little_extra,,doesnt_have,,,,socially,never,,two_year_college,woman,167,tw,taipei,monogamous,straight,but_its_not_important,buddhism,aquarius,no,single,whitneywang,,25.00055619259259,121.50482073939394
5,7,1989,curvy,,,,,,,never,,,woman,160,tw,taipei,,straight,,,,,single,whysojen,,25.07569864273504,121.62022132054794
17,11,1974,average_build,,doesnt_have,might_want,vegetarian,has_dogs,not_at_all,never,,university,woman,160,tw,taipei,monogamous,straight,,buddhism,scorpio,no,single,widedwu,,25.090845373399013,121.60700462515992
29,9,1992,,,,,,,,,,,man,0,tw,taipei,,straight,,,,no,single,wilayou,,24.97402823878327,121.55504104332344
6,10,1988,average_build,,doesnt_have,wants,,,socially,never,,university,woman,152,tw,taipei,,straight,and_its_important,christianity,libra,no,single,wildnerve,,25.1258839539823,121.60119431117734
5,6,1971,,,doesnt_have,,,,,never,,university,man,0,tw,kao-hsiung-ka,,straight,,buddhism,gemini,,single,wilfredhsu,,22.50851329752066,120.39066667261146
15,11,1989,,,,,,,,,,,man,0,tw,tu-cheng,,straight,,,,,single,williamdone,,24.95303357668712,121.4706870612245
8,11,1983,thin,,doesnt_have,,,,,never,,post_grad,man,175,tw,taipei,,straight,,,,,single,williehu,,25.080963599999997,121.57798961407035
11,9,1990,thin,,,,,,often,never,,,woman,160,tw,tai-chung-shih,,straight,,,,sometimes,single,willowkaka,,22.56743734637269,120.82497301129706
8,10,1996,fit,,,,,,,never,,,man,178,tw,nan-tun,,straight,,,,no,single,wilsonchen_taco,,24.176602329484027,120.4180070095238
9,4,1966,thin,,doesnt_have,doesnt_want,omnivore,,socially,never,,post_grad,woman,163,tw,taipei,monogamous,straight,,buddhism,aries,no,single,windycake,,25.01394794004474,121.53425473017457
27,6,1965,,,,,,,,never,,,man,0,tw,taipei,,straight,,,,,single,wingchen,,25.015911224847745,121.60721784477612
30,8,1995,,,,,,,,,,,woman,0,tw,taipei,,straight,,,,,single,wingsanne,,25.175120462745095,121.52109182463055
29,3,1978,,,,,,,,never,,,woman,0,tw,tai-chung-shih,,straight,,,,,single,wingyang329,,22.851826344720497,120.65495000206022
18,4,1976,a_little_extra,,doesnt_have,,,has_dogs,socially,never,,university,woman,160,tw,taipei,monogamous,straight,,,aries,sometimes,single,wini418,,25.16153502857143,121.55495559581152
8,7,1998,,,,,,,,,,,woman,0,tw,tai-chung-shih,,straight,,,,,single,winni0708,,22.63121245890411,120.30634192264151
21,11,1983,average_build,,doesnt_have,,omnivore,,socially,never,working_on,,woman,165,tw,chang-hua,monogamous,straight,,other,sagittarius,no,single,winnie520tron,,24.15198616885246,120.62690412191529
29,7,1998,,,doesnt_have,,omnivore,has_dogs,not_at_all,never,working_on,high_school,woman,165,tw,tai-chung-shih,monogamous,straight,,,leo,no,single,winnielin0729,,22.567696543731778,120.75443511471003
21,5,1991,,,doesnt_have,,omnivore,,socially,never,,university,woman,156,tw,taipei,,straight,,,taurus,no,single,winnielulu,,25.044408521316164,121.54263859624665
25,6,1985,,,,,,,,never,,,man,0,tw,taipei,,straight,,,,,single,winniepiglet,,25.05131222385321,121.5696640881356
8,2,1989,average_build,,doesnt_have,might_want,omnivore,,socially,never,,university,man,168,tw,taipei,monogamous,straight,,,aquarius,no,single,winstonlu310033,,25.015106457142856,121.52526615742971
16,12,1991,average_build,,doesnt_have,,,,not_at_all,never,,,woman,157,tw,hsin-chu,monogamous,straight,,catholicism,sagittarius,no,single,wintersky18,,24.83207787518248,120.8895935800623
19,11,1988,fit,,,,,,socially,never,,university,man,184,tw,tai-chung-shih,,straight,,atheism,,,single,wiseoldhat,,22.63832402252252,120.7494502889043
1,7,1987,,,,,,,socially,,,,woman,168,tw,taipei,monogamous,straight,,,cancer,sometimes,single,withdreamcatcher,,25.031580474135545,121.55831779526066
7,2,1986,,,,,,,,,,,woman,170,tw,taipei,,straight,,,aquarius,,single,withlove177,,25.0329636,121.57414139694988
19,5,1989,thin,,,,,,socially,never,,university,man,172,tw,taipei,,straight,,,taurus,no,single,witness933,,25.07398924102564,121.50690700654044
17,10,1984,,,,,,,socially,never,,,woman,0,tw,taipei,,straight,,,,,single,wl_claire,,24.85931090538922,121.48072734644809
6,2,1989,,,,,,,,never,,,woman,0,tw,taipei,,straight,,,,,single,wlienntw,,25.02919001509434,121.66995641672473
8,12,1973,fit,has_cats,doesnt_have,,,,socially,never,,post_grad,woman,157,tw,taipei,,straight,,,,no,single,wlili,,25.073754700123608,121.52085315658914
23,8,1988,,,,,,,socially,never,,post_grad,woman,164,tw,kao-hsiung-ka,monogamous,straight,,,,no,single,wolala123,,22.566017589881596,120.3117817009247
18,8,1992,average_build,,,,,has_dogs,,never,,university,woman,171,tw,taipei,,straight,,,leo,no,single,wonkaholic,,24.983328563503648,121.46896377749196
19,11,1983,fit,,,,omnivore,,socially,never,,post_grad,man,170,tw,taipei,,straight,,,taurus,no,single,wontonpunch,,25.12061300239044,121.54031601713442
3,6,1983,thin,,,,,,,,,,woman,0,tw,taipei,,straight,,christianity,,,single,woodlover2016,,25.067277325490195,121.54560301145374
4,10,1984,,,,,,,often,,,university,man,175,tw,taipei,,straight,,,libra,sometimes,single,woodybartend,,25.160236327272727,121.5654268
20,5,1993,,has_cats,,,,,not_at_all,,,,woman,165,tw,chang-tai,,straight,,,gemini,no,single,woodyhee,,18.924733301369862,98.87154785288753
12,12,1977,,,,,,,,never,,,woman,0,tw,taipei,,straight,,,,,single,wtfjoeya,,25.015722220689653,121.59942445533412
17,10,1992,,,,,,,,,,,woman,0,tw,taipei,,straight,,,,,single,wulanta,,25.107277008723745,121.65450725977011
9,9,1975,,,,,,,,never,,,man,0,tw,taipei,,straight,,,,,single,wuming147,,25.253201695238094,121.53537671652754
2,8,1990,,,,,,,,,,,woman,0,tw,taipei,,straight,,,,,single,wuwiy,,25.072603239639637,121.51522188196721
27,9,1982,,,,,,,,,,,woman,168,tw,taipei,,straight,,,,,single,wwen82,,24.9579636,121.58709346666666
26,12,1992,,,,,,,,,,,woman,0,tw,kao-hsiung-ka,,straight,,,,,single,wwvivi1992,,22.67367053354633,120.32009001318228
26,8,1993,average_build,,,,,,not_at_all,never,,university,woman,179,tw,taipei,,straight,,,,,single,wyuu,,25.044854206420926,121.58571665507246
16,2,1990,,,,,,,,,,post_grad,woman,164,tw,taipei,,straight,,,aquarius,,single,wywwenyu,,25.005647685510688,121.55472525422117
28,3,1965,,,,,,,,never,,,man,0,tw,taipei,,straight,,,,,single,wzajac,,25.050880733258676,121.78764902222223
3,9,1981,,,,,,,,,,,man,0,tw,taipei,,straight,,,,,single,xad93,,25.088400700213217,121.50828394285713
4,11,1984,fit,,doesnt_have,,,,socially,never,,post_grad,man,167,tw,taipei,non_monogamous,straight,but_its_not_important,islam,scorpio,no,single,xahidlone,,24.99267055970696,121.63048704096386
22,9,1990,,,,,,,,,,,man,0,tw,taipei,,straight,,,,,single,xander01asaurus,,24.9967136,121.63650919095315
22,10,1987,overweight,,,,,,not_at_all,never,,,woman,0,tw,taipei,,straight,,,,no,single,xaviera_ho,,24.984234786440677,121.53745477202797
22,7,1992,,has_cats,,,,has_dogs,often,,,university,woman,166,tw,tai-chung-shih,,straight,,,,,single,xavierahyt,,22.575533043624162,120.72151478513673
5,9,1997,average_build,,,,omnivore,,not_at_all,never,working_on,university,man,181,tw,kao-hsiung-ka,,gay,,,virgo,no,single,xbenitox,,22.59457580851064,120.25580156439791
7,10,1988,,,doesnt_have,,,,socially,never,,university,woman,160,tw,taipei,monogamous,straight,,,libra,no,single,xbisoux,,25.094188089795917,121.6684571030303
27,10,1977,average_build,,doesnt_have,doesnt_want,,,socially,never,,university,man,183,tw,tai-chung-shih,,straight,,,scorpio,no,seeing_someone,xcopyoung,,22.68127769047619,120.64005985395683
3,12,1981,,,,,,,,,,,man,0,tw,taipei,,straight,,,,,single,xeben,,24.970706790661477,121.68987124444445
22,2,1993,,,,,,,,,,university,woman,0,tw,nan-tun,,straight,,,,,single,xenia82223,,24.07293432373887,120.56262521183432
14,9,1984,,,doesnt_have,wants,,,not_at_all,never,,two_year_college,woman,0,tw,hsin-chu,,straight,,catholicism,scorpio,no,single,xhaithecat,,24.80740296478149,120.93244335286624
23,6,1979,,,,,,,socially,never,,,woman,172,tw,taipei,,straight,,,,,single,xiangh,,24.9268315245283,121.56717200069808
16,8,1968,fit,,doesnt_have,might_want,omnivore,has_dogs,socially,never,working_on,high_school,man,176,tw,tai-chung-shih,monogamous,straight,,,leo,yes,single,xianhua_zeng,,22.670721408466818,120.67913845023473
23,10,1987,thin,,,,,has_dogs,not_at_all,never,working_on,university,man,0,tw,tai-chung-shih,,gay,,catholicism,scorpio,no,single,xiaomie,,22.706947333333332,120.65874786213017
3,1,1974,overweight,has_cats,doesnt_have,doesnt_want,,,socially,never,,university,man,174,tw,taipei,monogamous,straight,,,,yes,single,xiaoqing74,,25.080408855474452,121.51414474871794
31,1,1962,average_build,,,wants,omnivore,,socially,never,,university,man,185,tw,taipei,monogamous,straight,,atheism,,no,single,xiaweiyidao,,25.088519155555556,121.62117592891985
6,12,1978,,,,,,,,never,,,woman,0,tw,taipei,,straight,,,,,single,xielie,,24.66599112293578,121.52367314655532
18,5,1990,rather_not_say,,,might_want,,has_dogs,socially,never,,university,woman,156,tw,kao-hsiung-ka,,straight,and_its_important,christianity,,,single,xinning,,22.627058667519183,120.53260022723005
18,1,1993,average_build,,,,omnivore,,often,never,,,woman,169,tw,taipei,,straight,,,,no,single,xjdkc,,25.031135446435098,121.55217201354934
7,10,1978,fit,,,,,,,,,,man,183,tw,taipei,,straight,,,,,single,xofak12,,25.028148190690207,121.57390137627118
16,3,1990,,,,,,,,,,,woman,0,tw,taipei,,straight,,,,,single,xoxoxox2584,,24.937311426086954,121.66397752463767
1,3,1987,,,,,,,,never,,,woman,165,tw,taipei,,straight,,,,,single,xting31,,25.01798855840266,121.53892503321555
25,11,1991,,has_cats,,,,,socially,never,,university,woman,168,tw,taipei,,straight,,,sagittarius,,single,xuan-yang,,25.0329636,121.5276909509434
3,8,1995,,,,,,,,,,,woman,0,tw,tai-chung-shih,,straight,,,,,single,xuanrong,,22.536005235144312,120.72017668692098
19,10,1991,,,doesnt_have,might_want,,has_dogs,socially,never,,,woman,160,tw,taipei,,straight,,,libra,no,single,xuanxuan10,,24.95554424516129,121.49730027931874
12,12,1990,,,,,,,,,,,woman,0,tw,taipei,,straight,,,,,single,xuelinga521,,24.934518004145076,121.59241735330635
21,5,1985,,,,,,,,never,,,woman,163,tw,taipei,,bisexual,,,taurus,,single,xushandi,,24.950111962235066,121.52707871740412
12,7,1993,average_build,,doesnt_have,might_want,,has_dogs,socially,never,,,man,175,tw,kao-hsiung-ka,,straight,,,,no,single,xwzhu,,22.563393044943822,120.31486668023952
12,7,1994,average_build,,doesnt_have,,,,socially,never,,university,woman,163,tw,tai-chung-shih,,straight,,,cancer,no,single,xxhereandnow,,22.52526652057613,120.34751631869159
2,3,1993,,,,,,has_dogs,,never,working_on,university,woman,169,tw,taipei,,straight,,,,no,open_relationship,xxluellaxx,,25.224452961702127,121.67609873675889
6,9,1994,,,doesnt_have,wants,,has_dogs,socially,never,,,woman,158,tw,taipei,,straight,,,,no,single,xxs99,,25.01373283076923,121.51558931354279
2,1,1985,fit,,,,,,socially,never,,post_grad,man,178,tw,taipei,,straight,,,,sometimes,single,xxxsamx,,24.984103665146577,121.5341768
19,4,1990,,,doesnt_have,,,,socially,,,university,woman,0,tw,taipei,,straight,,,aries,yes,single,xydr19,,25.00039655019157,121.50810195923566
22,10,1993,,,,,,,,,,,woman,0,tw,taipei,,straight,,,,,single,y1122331,,25.075255550886766,121.48423021880342
11,10,1996,fit,,,,,,socially,never,,university,woman,166,tw,taipei,,straight,,,,no,single,ya-tingchen,,24.98486740761523,121.56676013333333
30,4,1989,average_build,,doesnt_have,,,,socially,never,,post_grad,woman,0,tw,chang-hua,,straight,,,taurus,no,single,yabber39,,24.099229880063625,120.69460599030836
13,7,1994,,,,,,,,,working_on,university,woman,0,tw,taipei,,straight,,,,,single,yachulo-linda,,25.080655907692307,121.53408351641791
13,1,1997,average_build,,,,,,not_at_all,never,,,woman,156,tw,taipei,,straight,,,,no,single,yahan_liao,,24.984291033628317,121.52012668674972
3,12,1977,,,,,,,,never,,,woman,0,tw,taipei,,straight,,,,,single,yamiebenz,,25.048945335159814,121.66103403514212
26,12,1983,,,,,,,,,,,man,0,tw,chang-hua,,straight,,,,,single,yan-cu,,24.10609356170799,120.59410966912928
16,5,1993,thin,has_cats,doesnt_have,,,,not_at_all,never,,university,woman,166,tw,taipei,,straight,,,taurus,no,single,yan40540,,25.172859973056994,121.45680060191692
6,8,1989,,,,,,,,,,,woman,0,tw,taipei,,straight,,,,,single,yanachen,,24.9842529982808,121.55300443975155
16,3,1987,average_build,,,,,,socially,,,post_grad,man,175,tw,taipei,monogamous,straight,,,,no,single,yanellev,,25.12181048090737,121.6452587327731
11,1,1980,,,,,,,,,,,woman,0,tw,taipei,,straight,,,,,single,yangcharmmy,,24.664111140983604,121.3736459780822
26,3,1957,,,,,,,,,,,man,0,tw,taipei,,straight,,,,,single,yangsuro,,24.987779295600475,121.5654268
24,9,1970,,,,doesnt_want,,,socially,never,,university,woman,160,tw,taipei,monogamous,straight,,,,no,single,yangxiaohui,,25.195018935968378,121.66761658102189
11,11,1994,,,,,,,socially,never,,,woman,170,tw,taipei,,straight,,buddhism,,no,single,yanlexin,,25.112509054545452,121.47584346666666
24,12,1973,,,doesnt_have,might_want,,,socially,,,,woman,166,tw,taipei,,straight,,,,no,single,yannyannyann,,25.03663332477064,121.47783555912409
8,8,1995,thin,,doesnt_have,,,,socially,never,working_on,university,woman,0,tw,taipei,,straight,,agnosticism,leo,no,single,yanxi0808,,24.988882995465993,121.39454072405063
24,7,1968,,,,,,has_dogs,,never,,university,woman,0,tw,taipei,,straight,,,leo,no,single,yao-sarah,,25.082180602237134,121.20645244102563
19,2,1992,,,,,,,,,,,man,0,tw,chang-hua,,straight,,,,,single,yao-ting,,24.051194452796725,120.59497752048192
23,5,1987,,,,,,,,,,,woman,0,tw,tai-chung-shih,,straight,,,,,single,yao99g,,22.543636551546392,120.6809389786141
25,2,1986,,,,,,,,,,university,woman,0,tw,taipei,,straight,,,,,single,yapingchen,,25.082442766666667,121.53094404137931
27,5,1983,average_build,,doesnt_have,might_want,,,,,,university,woman,147,tw,taipei,,straight,,,,no,single,yaris-chien,,25.054414059652707,121.49363192820512
22,9,1988,,,,,,,,,,,woman,0,tw,taipei,,straight,,,,,seeing_someone,yawen-su,,24.963635868907563,121.57306038778626
15,3,1994,,,doesnt_have,might_want,,has_dogs,,never,,university,woman,0,tw,tai-chung-shih,,straight,,,,no,single,yayaloveanny,,22.49952243023256,120.68533563333332
13,3,1985,,,,,,,,,,,woman,0,tw,taipei,,straight,,,,,single,yayauk313,,24.95056659625468,121.49973336934306
10,7,1979,fit,,doesnt_have,wants,,has_dogs,often,never,,university,woman,158,tw,taipei,monogamous,bisexual,but_its_not_important,buddhism,cancer,no,single,ycheryl,,24.86902917377049,121.62594117216338
22,9,1995,,,,,,,,,,,man,0,tw,tai-chung-shih,,straight,,,,,single,yeahx3yong,,22.567954610047845,120.70797815513077
24,9,1973,average_build,,,,,,socially,never,,university,woman,0,tw,kao-hsiung-ka,,straight,,,libra,no,single,yehyiting,,22.49161741698842,120.30870004960754
28,10,1990,,,,,,,socially,never,,university,woman,165,tw,taipei,,straight,,,,no,single,yellowbycoldplay,,24.966407859567386,121.53152849491525
22,11,1975,thin,,,,,,not_at_all,never,,university,woman,168,tw,kao-hsiung-ka,monogamous,straight,and_its_important,christianity,,no,single,yenihope,,22.543701164948455,120.40334338536586
24,1,1989,,,,,,has_dogs,,,,,woman,0,tw,chang-an-li,,straight,,,,,single,yennydermawan,,28.96841555,105.50109867894736
26,1,1987,,,,,,has_dogs,socially,never,,,woman,167,tw,taipei,,straight,,,,no,single,yentsu,,25.011652124590164,121.64976414939758
17,4,1983,thin,,,,vegetarian,,socially,never,,university,woman,168,tw,taipei,,straight,,,aries,no,single,yeohlily,,24.966776549640286,121.57642924498778
28,11,1991,average_build,,,,omnivore,,socially,never,,,woman,163,tw,taipei,,straight,,catholicism,sagittarius,no,single,yesha18,,25.329737793548386,121.50028022019544
3,3,1991,average_build,,,,,has_dogs,socially,never,dropped_out_of,university,man,175,tw,taipei,,straight,but_its_not_important,christianity,aries,sometimes,single,yesterdaymemory,,24.848180991304346,121.55276857215189
14,5,1992,fit,,,,omnivore,,socially,never,,post_grad,man,175,tw,taipei,monogamous,straight,,,taurus,no,single,yhct,,25.040343673800738,121.5154268
18,8,1981,average_build,,,,,,socially,never,,university,woman,155,tw,hsin-chu,,straight,and_its_important,catholicism,leo,no,single,yhuni,,24.396438395652172,120.92004436996046
20,1,1980,,,,,,,,never,,,woman,0,tw,taipei,,straight,,,,,single,yhy0120,,25.01171212420307,121.6146773353319
24,10,1982,average_build,has_cats,doesnt_have,might_want,omnivore,,socially,never,,post_grad,woman,175,tw,taipei,monogamous,straight,,,scorpio,no,single,yiannlew,,25.00493557197197,121.64666471102514
25,11,1977,,,,,,,,never,,,woman,0,tw,taipei,,straight,,,,,single,yichichen123,,25.101363052804377,121.48627622084942
12,3,1992,,,,,,,,never,,,woman,0,tw,tai-chung-shih,,straight,,,,,single,yichien123,,22.5711279604811,120.72243708260869
6,1,1980,,,,,,,,never,,,woman,0,tw,taipei,,straight,,,,,single,yichingliu,,25.001432068468468,121.50684939414225
23,5,1997,,,,,,,,never,,,woman,0,tw,taipei,,straight,,,,,single,yihanwang,,24.964910669943286,121.54731085797101
26,9,1981,,,,,,,socially,never,working_on,university,woman,0,tw,taipei,,straight,,,,no,single,yihsuan_c,,25.059494212244896,121.60939523291995
17,10,1983,average_build,,,,,,socially,never,,post_grad,man,178,tw,taipei,,straight,,,libra,no,single,yihuan3663,,25.171425138461537,121.51683922937853
9,6,1997,,,doesnt_have,,,,,never,,,woman,163,tw,kao-hsiung-ka,,straight,,,gemini,no,single,yihui30919,,22.59781448387097,120.15354996939891
8,4,1987,,,,,,,,never,,,woman,0,tw,kao-hsiung-ka,,straight,,,,,single,yijing_kei,,22.574629,120.5448068
5,2,1985,,,,,omnivore,,not_at_all,never,,,woman,0,tw,taipei,monogamous,straight,,,aquarius,no,single,yijinglin,,25.084866714186848,121.57049265612969
9,9,1984,,,doesnt_have,,omnivore,,socially,never,,university,woman,168,tw,taipei,monogamous,straight,,,virgo,no,single,yiling-io,,25.061227395423955,121.54653145116279
17,7,1981,,,doesnt_have,,,,socially,,working_on,university,woman,0,tw,taipei,,straight,,,,,single,ying0717,,24.992239618099546,121.87840389923664
29,12,1979,average_build,,doesnt_have,might_want,omnivore,,socially,never,,post_grad,woman,160,tw,taipei,,straight,,,,no,single,yingy0303,,24.99433699055794,121.52177197766497
17,11,1993,thin,,,,,,not_at_all,never,,university,woman,160,tw,taipei,,straight,,,scorpio,no,single,yinjunawang,,25.079666896703294,121.56195859190751
5,7,1982,,,doesnt_have,wants,,,socially,never,,university,woman,153,tw,taipei,,straight,,buddhism,cancer,no,single,yinssss,,25.017429619417474,121.55762952904483
16,11,1979,,,,,,,socially,never,,,woman,165,tw,taipei,,straight,,,,no,single,yinyin1116,,25.281285747651005,121.59732173433396
23,9,1992,,,,,,,socially,,working_on,,woman,157,tw,kao-hsiung-ka,,straight,,,libra,,single,yiru9329,,22.47359807216495,120.28557335052265
27,10,1984,thin,,doesnt_have,wants,,,socially,never,,university,woman,0,tw,taipei,monogamous,straight,,,scorpio,no,single,yisan123,,25.03033892808399,121.47800675735607
10,1,1991,,has_cats,,,,,often,never,,post_grad,woman,157,tw,taipei,,straight,,,,,single,yishenpan,,24.978979024164524,121.572160806734
20,1,1994,average_build,,doesnt_have,,,,socially,never,working_on,university,woman,0,tw,taipei,,straight,,,aquarius,no,single,yiting1994,,25.00467505685997,121.52143538369099
11,11,1986,average_build,,doesnt_have,wants,,,socially,never,,post_grad,woman,160,tw,taipei,monogamous,straight,,agnosticism,scorpio,no,single,yitingchen86,,25.07142513846154,121.53046176503496
11,5,1994,,,,,,,socially,never,,,woman,0,tw,kao-hsiung-ka,,straight,,,,no,single,yitinggggg,,22.63914512903226,120.30434437225433
27,1,1985,curvy,,,,omnivore,,socially,,,university,man,172,tw,taipei,,straight,,,aquarius,no,single,yiue,,25.212311426086956,121.60517575397489
27,5,1994,overweight,has_cats,doesnt_have,wants,omnivore,has_dogs,socially,never,working_on,two_year_college,woman,0,tw,taipei,,straight,,,gemini,sometimes,seeing_someone,yiwentsai,,25.005313830414746,121.52787464422809
19,11,1993,,,,,,,,,,,woman,170,tw,taipei,,straight,,,,,single,yiyi-kuo,,25.049561110373443,121.60902353024522
1,8,1994,,,,,,,,never,,,woman,0,tw,tai-chung-shih,,straight,,,,,single,yiyizhou,,22.59854261675127,120.75017963990148
19,7,1964,,,,,,,,,,,man,0,tw,kao-hsiung-ka,,straight,,,,no,single,yl8425,,22.518351943722944,120.30539074160583
9,12,1983,,,,,,,,never,,,man,0,tw,taipei,,straight,,,,,single,yneq,,25.196843198662204,121.6146773353319
19,1,1996,,,,,,,,never,,,woman,157,tw,taipei,,straight,,,,no,single,yo119,,25.00778374388489,121.50844674301995
1,9,1982,,,,,,,,never,,,woman,0,tw,taipei,,straight,,,,,single,yo6yom3,,25.067067010341034,121.59235678204668
16,2,1995,,,,,,,,never,,university,woman,0,tw,taipei,,straight,,,,,single,yogakuoyoga,,24.946109139906103,121.52847027826087
24,12,1989,fit,,,,omnivore,,socially,never,,,man,175,tw,taipei,,straight,,,,no,single,yoh__,,25.046416514798207,121.59217577119341
10,2,1987,,,,,,,socially,never,,university,man,0,tw,taipei,,straight,,,,no,single,yohimbine0210,,25.23910395087719,121.52960125482866
12,12,1982,,,,,,,,,,,woman,0,tw,taipei,,straight,,,,,single,yoksldhfs,,24.961535028571426,121.62261634248365
18,9,1984,,,,,,,,never,,,man,0,tw,taipei,,straight,,,,,single,yoman120,,25.060148066019416,121.54705945306122
3,11,1990,,,,,,,,,,,woman,165,tw,kao-hsiung-ka,,straight,,,,,single,yoshikoshih,,22.546360448763252,120.36818342337662
18,9,1990,,,,,,,,,,,man,0,tw,taipei,,straight,,,,,single,young565,,25.018093711524163,121.68637075280236
26,1,1983,,,,,,,not_at_all,never,,,woman,160,tw,taipei,monogamous,straight,,,,no,single,yoyo1234mania,,24.96503311026856,121.42618629367088
18,11,1989,average_build,,,,,,often,sometimes,,university,man,170,tw,taipei,,straight,,,scorpio,yes,single,yoyogogo168,,25.04999146377709,121.51366209411765
15,9,1985,average_build,,doesnt_have,,omnivore,,not_at_all,never,,,man,188,tw,taipei,monogamous,straight,,atheism,virgo,no,single,yruama25,,25.055727827642276,121.6047066690671
24,3,1993,fit,,doesnt_have,wants,,,not_at_all,never,dropped_out_of,university,woman,155,tw,taipei,,straight,,,,no,single,yu-hsuancheng,,25.107313042379182,121.6030207849624
12,12,1991,,,,,,,,,,,woman,0,tw,taipei,,straight,,,,,single,yu-sexy,,24.92085597668161,121.49233709900332
5,9,1997,,,,doesnt_want,,has_dogs,not_at_all,never,,high_school,woman,160,tw,tai-chung-shih,,straight,,,,no,single,yu-tin-chau,,22.57544275560538,120.71890678791713
21,7,1992,,,,,,,socially,never,,,man,175,tw,taipei,,straight,,,cancer,no,single,yuchenwang,,25.07335132213247,121.6732435115903
16,9,1980,,,,,,has_dogs,socially,,,university,woman,157,tw,taipei,,straight,but_its_not_important,buddhism,virgo,yes,single,yuchian,,24.98258846602358,121.58094786430155
18,8,1997,thin,,,,,,socially,never,,,woman,160,tw,nan-tou,,straight,,,,no,single,yuchunchen,,23.973640325031607,120.60545158625953
31,3,1986,fit,has_cats,doesnt_have,doesnt_want,,,socially,never,dropped_out_of,university,man,0,tw,taipei,,straight,,,,sometimes,single,yuehchunwang,,25.01877920283688,121.55243978701299
1,10,1987,,,,,,,socially,never,,,woman,0,tw,kao-hsiung-ka,,straight,,,,no,single,yuenhsiu,,22.591759620985012,120.3481253840708
30,7,1988,,,,,omnivore,has_dogs,not_at_all,never,,university,woman,0,tw,taipei,monogamous,straight,and_its_important,christianity,,no,single,yueshi,,25.19642513846154,121.53478163870967
21,7,1983,,,,wants,,has_dogs,socially,never,working_on,university,woman,153,tw,hsin-chu,monogamous,straight,,,cancer,sometimes,single,yuhsien,,24.753223639393937,120.88071720913241
3,3,1968,,,,,,has_dogs,,never,,,woman,0,tw,taipei,,straight,,,,no,single,yuhsuan9624,,25.318677885714283,121.57705470697674
21,11,1994,average_build,,,,,,,,,,man,181,tw,taipei,,straight,,,scorpio,sometimes,single,yuhui112194,,25.071751478787878,121.5106537170579
26,2,1995,,,,,,,not_at_all,never,,,woman,0,tw,tai-chung-shih,,straight,,,,no,single,yuimeow,,22.6355476212976,120.42541693414634
4,3,1994,,,,,,,,,working_on,university,woman,0,tw,taipei,,straight,,,,,single,yujie_chiu,,24.95653047898089,121.47956821414141
3,10,1987,,,,,,,socially,never,,,woman,0,tw,taipei,,straight,,,,no,single,yujunlin,,25.026843648959606,121.57843070117035
15,1,1994,,,,,,,,,,,woman,0,tw,taipei,,straight,,,,,single,yuki90969,,25.378418145454543,121.67053190510511
8,8,1995,thin,has_cats,doesnt_have,wants,omnivore,,not_at_all,never,working_on,university,woman,155,tw,taipei,monogamous,straight,,,leo,no,single,yukikuran,,24.977138357281554,121.48044656284584
5,1,1998,,,,,omnivore,,socially,never,,,woman,0,tw,taipei,,straight,,,,no,single,yukisun-messi,,25.18375725079365,121.61350372307692
25,1,1994,thin,,doesnt_have,might_want,,,socially,never,,university,man,174,tw,tai-chung-shih,,straight,,,,no,open_relationship,yukuilai,,22.60324919874477,120.75399705065617
29,7,1975,,,,,,,,,,,woman,0,tw,taipei,,straight,,,,,single,yuli1262,,25.02797606882793,121.62333640451978
6,3,1980,fit,,,,,,socially,never,,post_grad,woman,0,tw,taipei,,straight,,,,no,single,yulia0306,,25.027741667885117,121.8860374870229
11,5,1995,,,doesnt_have,doesnt_want,,,socially,never,,university,woman,159,tw,taipei,,straight,but_its_not_important,atheism,taurus,no,single,yuling-chu,,25.002779872965878,121.50279631983298
14,10,1991,,,,,,,,never,,university,woman,154,tw,taipei,,straight,,,libra,no,single,yulinghu,,25.014095675471697,121.43930067387387
1,1,1976,,,,,,,,,,,woman,0,tw,hsin-chu,,straight,,,,,single,yulisandy,,24.8010241121071,121.02854390229007
30,10,1984,rather_not_say,has_cats,,,omnivore,,socially,never,working_on,post_grad,woman,164,tw,tung-shih,,gay,,,scorpio,sometimes,single,yuliu_rock,,34.104474081545064,112.09945988479262
5,8,1993,thin,,,,,,often,never,,,woman,0,tw,taipei,,straight,,,,no,single,yumichen,,25.05219436923077,121.62803549565217
23,1,1981,,,,,,,,,,,woman,0,tw,taipei,,straight,,,,,single,yumitt,,25.08375725079365,121.5654268
9,8,1987,,,,,,has_dogs,,,,,woman,0,tw,taipei,,straight,,,,,single,yun-huang,,24.969938389915963,121.66346601568627
7,9,1998,,,,,,,,,working_on,high_school,woman,0,tw,kao-hsiung-ka,,straight,,,,,single,yun_ooo,,22.560322848354794,120.49397807071823
29,3,1980,fit,,doesnt_have,wants,omnivore,,socially,never,,post_grad,man,168,tw,taipei,monogamous,straight,,,aries,no,single,yungbird,,24.97939217142857,121.62144920896358
14,3,1993,average_build,,doesnt_have,might_want,,,,never,,university,woman,160,tw,taipei,monogamous,straight,,,,no,single,yunye_wendy,,24.82019764255319,121.69167264717608
1,6,1988,,,,,,,,never,,,woman,0,tw,taipei,,straight,,,,,single,yupeichen,,24.961358661728394,121.79505642962962
14,11,1989,,,,,,,,,,,woman,0,tw,taipei,,straight,,,,,single,yushinyu,,25.061829579381442,121.50056193513514
30,10,1988,,,,,,,,,,,man,0,tw,taipei,,straight,,,,,single,yutsungchen,,24.989686938485317,121.61135272592593
11,11,1994,,,,,,has_dogs,,,,,woman,0,tw,taipei,,straight,,,,,single,yuyingerin,,25.00138465263158,121.55621021013825
21,7,1982,average_build,,,,,,socially,never,,,woman,0,tw,hsin-chu,,straight,,catholicism,cancer,sometimes,single,yves1214,,24.69509619076517,120.9310111116022
20,9,1989,,,,,,,socially,,,university,woman,156,tw,hsin-chu,,straight,,catholicism,virgo,no,single,yvoni89,,24.760545932961584,121.01145668148148
1,12,1987,,,,,,,not_at_all,never,,university,woman,0,tw,tu-ku,,straight,but_its_not_important,buddhism,sagittarius,no,single,yvonne5818,,-9.838441193548388,-77.45896825396825
28,11,1982,,,has,,,,not_at_all,never,working_on,post_grad,woman,0,tw,chang-hua,,straight,,,,no,single,yvonne_1128,,24.036570580701753,120.58583270066815
8,11,1996,fit,,doesnt_have,doesnt_want,,,socially,never,working_on,university,woman,160,tw,tai-chung-shih,monogamous,straight,but_its_not_important,christianity,scorpio,no,single,yvonne_jian,,22.6719812752809,120.67554396666667
2,2,1979,fit,,,,,,socially,never,,university,woman,0,tw,taipei,,straight,,,,no,single,yvonneleaf,,24.915722220689656,121.5557804977492
3,7,1984,,,,,,,,never,,,woman,0,tw,chang-hua,,straight,,,,no,single,yvonnetsz,,24.112714018475074,120.63346189275362
31,1,1984,a_little_extra,,,,,,socially,never,,,man,180,tw,taipei,,straight,,,,sometimes,single,yyepsr,,25.04334422283737,121.43763127284345
19,6,1970,,,,,,,,,,,woman,0,tw,taipei,,straight,,,,,single,yyshirl,,25.10867337917981,121.51614222130365
22,8,1983,fit,,,,,,socially,never,,post_grad,woman,170,tw,taipei,,straight,,,,no,single,yytiff,,25.071545456100104,121.51587152681067
13,3,1993,,,,,,,,never,,,woman,0,tw,tai-chung-shih,,straight,,,,,single,yyyyiris,,22.67733996153846,120.77499442598425
25,2,1991,,,,,,,,,,,man,0,tw,taipei,,straight,,,,,single,z0o8510a,,25.05503256551724,121.76881663050847
18,8,1992,,,,,,,,,,,woman,0,tw,taipei,,straight,,,,,single,z205522,,25.1142136,121.56981276491227
17,5,1987,fit,,,,,,socially,never,,university,woman,165,tw,kao-hsiung-ka,,straight,,,,no,single,za110474,,22.886317311688313,120.52149852932331
17,3,1989,,,,,,,socially,never,,post_grad,man,0,tw,taipei,,straight,,,,no,single,zac273,,25.188519155555554,121.54015033870458
25,2,1997,,,,,,,,,,,woman,0,tw,kao-hsiung-ka,,straight,,,,,single,zakaro,,22.802699175438597,120.27067170939044
26,3,1985,,,,,,,,,,,woman,0,tw,hsin-chu,,straight,,,,,single,zeal_26,,24.867853955788313,120.93228458416422
22,1,1986,,,,,,,,,,,woman,0,tw,taipei,,straight,,,,,single,zel2015,,25.06320934669187,121.52563088163265
21,7,1984,,,,,,,often,never,,,man,185,tw,taipei,,straight,,,cancer,no,single,zen-master69,,24.7829636,121.84724498181818
14,11,1970,fit,,,,,has_dogs,socially,never,,,man,183,tw,taipei,,straight,,,scorpio,,single,zenufo,,25.122851240449435,121.53825856593521
22,4,1979,,,doesnt_have,,,,socially,never,,two_year_college,woman,161,tw,tai-chung-shih,,straight,,,taurus,no,single,zeroling,,22.726341345758353,120.72339182164009
14,6,1989,average_build,,,,omnivore,,socially,never,,post_grad,man,176,tw,taipei,,straight,and_its_important,christianity,,no,single,zeroo0416,,25.07239577665615,121.5654268
7,11,1981,average_build,,,,,,socially,never,,,woman,165,tw,taipei,,straight,,,scorpio,sometimes,single,zerotpe,,25.043797836186346,121.26107897391304
16,12,1987,,,,,,,,never,,,man,0,tw,taipei,,straight,,,,,single,zhanzhenwei,,25.08721579941349,121.5654268
30,11,1987,,,,,,,,,,,woman,0,tw,taipei,,straight,,,,,single,zhenl,,25.031750007766988,121.39876013333333
26,11,1981,,,,,,,,,,,woman,0,tw,taipei,,straight,,,,,single,zhiela,,25.028955583967935,121.49335472792792
10,12,1983,a_little_extra,,,,,has_dogs,socially,never,,,man,0,tw,taipei,,straight,,,,sometimes,open_relationship,zickyku,,24.932750380383794,121.56068746350711
4,3,1996,,,,,,,,never,working_on,university,woman,158,tw,kao-hsiung-ka,,straight,,christianity,pisces,no,single,ziyongg,,22.61967404504505,120.59646242913908
22,2,1987,rather_not_say,,doesnt_have,might_want,,,socially,never,,,woman,155,tw,tai-chung-shih,,straight,,,aries,no,single,znehr0301,,22.644987367895546,120.61561675783132
3,1,1996,,,,,,,,never,,,woman,0,tw,taipei,,straight,,,,,single,zoe_13_dms,,25.020718702040813,121.54845367411598
20,9,1975,average_build,,doesnt_have,,vegetarian,,not_at_all,never,,university,woman,164,tw,kao-hsiung-ka,monogamous,straight,,other,virgo,no,single,zoebrain,,22.55650708896211,120.35909251428572
11,11,1962,,,,,,,,never,,,woman,0,tw,taipei,,straight,,,,,single,zoechih,,25.128201695238094,121.61624647213114
31,12,1987,,,,,,,socially,never,,university,woman,165,tw,taipei,,straight,,,,,single,zoeliuxxx,,25.072333678740158,121.63309597293232
25,12,1988,,,,,,,socially,never,,university,woman,165,tw,taipei,,straight,,,,no,single,zoemuaiba,,24.892907577591036,121.52125009317268
19,12,1992,fit,has_cats,doesnt_have,,,has_dogs,socially,never,,university,woman,170,tw,kao-hsiung-ka,,straight,,,sagittarius,yes,single,zoetobecute,,22.465981549889136,120.60406605925925
13,9,1986,,,,,,,,never,,,woman,0,tw,taipei,,straight,,,,,single,zona_trip,,24.98316548425303,121.43042679999999
16,7,1991,,,doesnt_have,,,,often,never,,university,woman,154,tw,taipei,monogamous,straight,,,cancer,no,single,zonalin,,24.976402514027146,121.61997225454544
26,1,1994,,,,,,,,,,,man,0,tw,nan-tou,,straight,,,,,single,zongsyue,,24.032953819557196,121.02167700049813
12,8,1987,,,doesnt_have,doesnt_want,vegetarian,,not_at_all,never,working_on,university,man,152,tw,tai-chung-shih,,straight,but_its_not_important,agnosticism,leo,no,single,zonurb777,,22.62627270418848,120.6956356878887
5,7,1985,,,,,,,,,,,man,0,tw,tai-chung-shih,,straight,,,,,single,zoo_chung,,22.66724844533762,120.6223471275862
29,8,1982,,,,,,,,,,,man,0,tw,taipei,,straight,,,,,single,zorrbaa,,25.186809753846152,121.54480824329896
6,12,1983,,,,,,,,,,,woman,0,tw,taipei,,straight,,,,,single,zulfaasaurus,,25.082867630710172,121.74575466885246
14,9,1983,curvy,,has,might_want,,,,never,,,woman,175,tw,taipei,monogamous,straight,and_its_important,buddhism,,,single,zuniezenny,,24.986864309219857,121.5123655755102
18,9,1995,average_build,,,,,,socially,never,,,woman,0,tw,taipei,,straight,,,virgo,no,open_relationship,zuquu,,24.913370724681933,121.61948085405405
12,1,1980,average_build,,,,,,socially,never,,,woman,162,tw,taipei,,straight,,,,no,single,zxmn911,,24.94205450909091,121.52175867772925
12,2,1982,curvy,,has,,vegan,,socially,never,working_on,,woman,165,tw,taipei,monogamous,straight,,atheism,pisces,no,single,zyl168,,24.977565872727272,121.68144889944752
5,10,1985,,,,,,,,,,,woman,0,tw,taipei,,straight,,,,,single,zyxstuv,,25.08211104232698,121.66645772783505
29,11,1993,,,,,,has_dogs,socially,never,,,woman,170,tw,taipei,,straight,,,sagittarius,no,single,zz987,,25.112001400687284,121.25987124444444
