birthDateDay,birthDateMonth,birthDateYear,bodytype,cats,childrenHave,childrenWant,diet,dogs,drinking,drugs,educationModifier,educationValue,gender,heightCm,locationCountryCode,locationFormatted,monogamous,orientation,religionModifier,religionValue,sign,smoking,status,username,weed
15,7,1976,,,,,,,,never,,,man,0,tw,taipei,,straight,,,,,single,terrygogo,
31,1,1991,,,,,,,,never,,,man,0,tw,taipei,,straight,,,,,single,terrytzeyeung,
28,11,1976,average_build,,doesnt_have,wants,,has_dogs,socially,never,,university,woman,160,tw,taipei,monogamous,straight,,,sagittarius,no,single,texastaiwan,
2,12,1977,fit,,doesnt_have,,,,not_at_all,never,,post_grad,woman,165,tw,taipei,monogamous,straight,,,,no,single,teycafe,
6,9,1988,average_build,,doesnt_have,might_want,omnivore,,socially,never,,post_grad,man,196,tw,taipei,monogamous,straight,and_its_important,christianity,virgo,no,single,tfrenchyb,
26,8,1984,,,,,,,,,,,woman,0,tw,taipei,,straight,,,,,single,tfttw,
15,3,1990,,,doesnt_have,,,,socially,never,,university,woman,166,tw,taipei,,straight,,,,no,single,that-lady,
27,6,1990,fit,,,,omnivore,,socially,never,,university,man,178,tw,taipei,,straight,,,cancer,no,single,theaaronlee,
8,9,1988,,,,,,,,never,,,woman,0,tw,taipei,,straight,,,,,single,theariellin,
19,9,1994,average_build,has_cats,,,,has_dogs,socially,,,university,woman,165,tw,hsia-shih-pi,,straight,,,,sometimes,single,thebestcatla,
28,5,1990,thin,,,,omnivore,,socially,,,university,man,180,tw,tai-chung-shih,,straight,,agnosticism,gemini,no,single,theblackpage,
5,3,1969,average_build,,doesnt_have,might_want,omnivore,,socially,never,,post_grad,man,179,tw,,monogamous,straight,,,pisces,sometimes,single,theformosian,
23,6,1979,,,,,,,,never,,,woman,163,tw,tai-chung-shih,,straight,,agnosticism,,,single,thehunting,
22,4,1991,,,,,,,,,,,man,0,tw,taipei,,straight,,,,,single,thejacopastorius,
11,9,1994,average_build,,,,,,socially,never,,,man,173,tw,taipei,,straight,,,,sometimes,single,therealutku,
2,2,1976,,,,,,,,,,,man,0,tw,taipei,,straight,,,,,single,thermotp,
18,7,1989,fit,,doesnt_have,might_want,,,socially,never,,,man,176,tw,taipei,monogamous,straight,,,cancer,no,single,thib18j,
19,10,1986,curvy,has_cats,doesnt_have,might_want,vegetarian,,not_at_all,,,university,woman,153,tw,miao-mei-tsun,monogamous,straight,,,libra,,single,thisismorgank,
5,6,1981,average_build,,doesnt_have,,omnivore,,socially,never,,post_grad,man,185,tw,taipei,,straight,,other,gemini,no,single,thomas_3,
31,12,1974,,,,,,,,,,,man,0,tw,tai-chung-shih,,straight,,,,,single,thomaserin,
15,10,1978,fit,,,,,has_dogs,not_at_all,never,,two_year_college,man,170,tw,taipei,,straight,,,,sometimes,single,thomaskao,
4,12,1980,,,,,,,,,,,man,0,tw,chung-shan,,straight,,,,,single,thomastaipei,
29,7,1984,,,doesnt_have,might_want,omnivore,has_dogs,socially,never,,university,man,0,tw,taipei,,straight,,,leo,no,single,thomastu,
20,5,1985,,,,,,,,,,,woman,0,tw,taipei,,straight,,,,,single,tianxin3208,
16,5,1989,fit,,doesnt_have,,,,,,,post_grad,man,178,tw,taipei,,straight,,atheism,taurus,,seeing_someone,tibofino,
11,11,1974,,,,,,,socially,never,,,woman,0,tw,tai-chung-shih,,straight,,,,no,single,tiffany1111wang,
8,4,1997,,,,,,,,,,,woman,0,tw,taipei,,straight,,,,,single,tiffany_kuo,
21,11,1995,,,,,,,,never,,,woman,0,tw,tai-chung-shih,,straight,,,,,single,tiffanydu,
5,8,1979,,,,,,,,never,,,woman,0,tw,taipei,,straight,,,,,single,tiffanyii,
18,11,1978,,,,,,,,never,,,woman,0,tw,kao-hsiung-ka,,straight,,,,,single,tiffanyisapuppy,
23,6,1970,,,,,,,,never,working_on,university,woman,0,tw,taipei,monogamous,straight,,,,no,single,tiffanysu2015,
7,9,1996,,,doesnt_have,,,,socially,never,working_on,university,woman,163,tw,taipei,,straight,,,virgo,no,single,tiffanyyyyinabox,
1,3,1983,,,,,,,,,,,woman,0,tw,tai-chung-shih,,straight,,,,,single,tiffywu,
1,4,1986,fit,,doesnt_have,wants,,,socially,never,,university,woman,158,tw,hsin-chu,,straight,,catholicism,taurus,no,single,tiger_21taurus,
13,8,1995,,,,,,has_dogs,socially,never,,,woman,164,tw,kao-hsiung-ka,,straight,,atheism,leo,yes,single,tihanatigi,
1,1,1983,,,,,,,socially,never,,,man,175,tw,taipei,,straight,,agnosticism,gemini,no,single,timesgone,
4,11,1992,fit,,,,,,socially,never,,post_grad,man,171,tw,taipei,monogamous,straight,,atheism,scorpio,no,single,timonade,
2,8,1992,fit,,doesnt_have,doesnt_want,omnivore,has_dogs,often,never,,high_school,man,191,tw,pa-shih-li,non_monogamous,straight,but_its_not_important,atheism,leo,sometimes,single,timothyfg,
6,12,1987,a_little_extra,,doesnt_have,,,,socially,never,,two_year_college,woman,171,tw,hsin-chu,,straight,,catholicism,sagittarius,no,single,tin-tin_fierce,
16,12,1993,,has_cats,,,omnivore,,socially,never,working_on,university,woman,164,tw,taipei,monogamous,straight,,,sagittarius,sometimes,single,tin1166,
13,2,1997,a_little_extra,,,,,has_dogs,socially,never,,,woman,158,tw,tao-yan,,straight,,,aquarius,no,single,tina_76782,
28,7,1982,,,,,,,,,,,woman,0,tw,nan-tou,,straight,,,,,single,tina_chen1982,
1,4,1989,,,doesnt_have,might_want,omnivore,,socially,never,working_on,post_grad,woman,158,tw,taipei,,straight,,,aries,no,single,tinaakina,
9,2,1984,,,,,,,,,,,woman,0,tw,hsin-shang,,straight,,,,,single,ting-ling8861,
25,11,1995,,,,,,has_dogs,socially,never,,university,woman,166,tw,taipei,,straight,,,,no,single,ting-yu_kuo,
14,8,1997,,,,,,,not_at_all,never,working_on,university,woman,154,tw,kao-hsiung-ka,monogamous,straight,but_its_not_important,buddhism,leo,no,single,ting9714,
14,11,1997,,,,,,,,,,,woman,0,tw,kao-hsiung-ka,,straight,,,,,single,ting_2001,
18,4,1977,,,,,,,socially,,,,woman,0,tw,tai-chung-shih,,straight,,,,no,single,ting_box,
1,1,1993,,,,,,,socially,,,university,woman,0,tw,taipei,,straight,,,,no,single,ting_qu,
21,3,1986,,,,,,,,never,,,woman,0,tw,hsi-chien-tso,,straight,,,,no,single,tingting_y,
21,7,1994,,,,,omnivore,,,,,,woman,0,tw,,,straight,,,,,single,tingtingchang,
31,10,1990,,,,,,has_dogs,socially,never,,,woman,165,tw,,monogamous,straight,,,,no,single,tingtongtingtong,
23,2,1984,,,,,,has_dogs,,,,university,woman,168,tw,taipei,,straight,,,pisces,,single,tingtu,
1,1,1986,fit,,,might_want,,,socially,,,university,woman,0,tw,taipei,monogamous,straight,,,pisces,no,single,tingymel,
8,5,1996,,,,,,,,never,,university,woman,163,tw,tai-chung-shih,,straight,,,taurus,no,single,tingyunnn,
1,7,1992,curvy,,,,omnivore,,socially,,,university,woman,164,tw,taipei,,straight,,,cancer,,single,tinw,
23,1,1988,,,,,,,often,never,,,woman,0,tw,kao-hsiung-ka,,straight,,,aquarius,sometimes,single,titinm,
1,4,1987,fit,,,,,,socially,never,,post_grad,man,178,tw,kao-hsiung-ka,,straight,,,,sometimes,single,tititaiw,
23,9,1991,,,,,omnivore,,socially,never,,post_grad,man,168,tw,,monogamous,straight,but_its_not_important,christianity,,no,single,tittothomas,
12,11,1992,thin,,,,,has_dogs,not_at_all,never,,,woman,165,tw,taipei,monogamous,straight,,christianity,scorpio,no,single,tjoanne,
18,1,1963,average_build,,,,,,socially,never,,two_year_college,man,183,tw,taipei,monogamous,straight,,,capricorn,no,single,tjsudan01,
1,3,1985,,,,,,,socially,never,,,man,183,tw,chien-cheng,,straight,,,pisces,no,single,tnboyhk,
9,1,1997,rather_not_say,,doesnt_have,,omnivore,,socially,never,,university,woman,160,tw,che-tzu-lu,,bisexual,,,,no,single,tntan,
9,5,1984,,,,,,,socially,,,university,woman,0,tw,taipei,,straight,,,taurus,no,single,to12355686,
18,1,1995,,,,,,,often,never,,,man,178,tw,tai-chung-shih,,straight,,,,no,single,toaste_szuru,
12,6,1984,fit,,doesnt_have,might_want,,,socially,,,post_grad,man,186,tw,taipei,,straight,but_its_not_important,atheism,gemini,no,single,tobymichael,
26,5,1982,,,,,,,,,,,woman,0,tw,taipei,,straight,,,,,single,tochter_chen,
2,11,1972,fit,,,,,,,never,,post_grad,man,172,tw,tai-chung-shih,,straight,,,scorpio,no,single,tom_chen,
24,2,1983,,,,,,,,never,,university,man,0,tw,taipei,,straight,,,,,single,tomascupid_taco,
5,7,1991,,,,,,,,never,,,man,0,tw,,,straight,,,,,single,tomgott,
1,7,1974,average_build,,doesnt_have,,vegetarian,has_dogs,socially,never,,post_grad,woman,158,tw,,monogamous,straight,,other,cancer,no,single,tomorrowisthecat,
21,11,1981,,,,,,,socially,,,university,man,187,tw,taipei,,straight,,,,no,single,tomwaitsmania,
24,10,1982,,,,,,,,,,,man,0,tw,ta-keng,,straight,,,,,single,tonnyhoose,
22,12,1981,fit,,doesnt_have,wants,,,socially,never,working_on,university,man,0,tw,tung-hsin,,straight,,,,no,single,tony_lu,
31,8,1984,a_little_extra,,doesnt_have,wants,,has_dogs,socially,,,university,man,188,tw,tai-chung-shih,monogamous,straight,,catholicism,virgo,no,single,tonyintaiwan,
2,6,1991,fit,,,,,,,,,,man,175,tw,,,gay,,,,,single,tonykch,
9,8,1993,fit,,,,,,socially,never,,university,man,178,tw,,,straight,,,leo,no,single,tonylee0809,
16,12,1985,fit,,,,,,socially,never,,post_grad,man,170,tw,taipei,,straight,,,,no,single,tonywongk21,
7,10,1970,,,,,,,,,,,woman,0,tw,taipei,,straight,,buddhism,,no,single,toots70,
28,2,1984,average_build,,,,,,not_at_all,never,,university,man,178,tw,taipei,,straight,,atheism,pisces,no,single,topkenary,
7,3,1978,average_build,,,,,,socially,never,,,man,0,tw,taipei,,straight,but_its_not_important,buddhism,pisces,,single,toyzmachine,
8,12,1976,average_build,,doesnt_have,might_want,,,not_at_all,never,,university,woman,168,tw,taipei,,straight,,,sagittarius,no,single,tp_vic,
23,9,1971,average_build,,,,,,socially,never,,post_grad,man,0,tw,,monogamous,straight,,,libra,no,single,tqptl,
18,8,1972,fit,has_cats,doesnt_have,,,,socially,never,,post_grad,woman,164,tw,taipei,monogamous,straight,,,leo,no,single,tracy0818,
23,7,1984,,,,,,,socially,never,,,woman,166,tw,tai-chung-shih,,straight,,,,no,single,tracy723thecat,
19,4,1994,,,,,,,,,,,woman,0,tw,hsia-nei-pu,,straight,,,,,single,tracychen123,
10,2,1983,average_build,,doesnt_have,wants,omnivore,,socially,never,,university,woman,161,tw,tao-yan,monogamous,straight,,christianity,aquarius,no,single,tracyhsieh7,
25,5,1980,average_build,,doesnt_have,,omnivore,has_dogs,socially,never,,university,woman,168,tw,chang-hua,monogamous,straight,,,,no,single,travel_alone,
12,8,1977,,,,,,,,never,,,man,0,tw,taipei,,straight,,,,,single,travelfriend99,
21,10,1995,,,doesnt_have,might_want,,has_dogs,not_at_all,never,working_on,university,man,170,tw,chung-hsi-ch',,straight,,,sagittarius,no,single,travielancer,
29,10,1975,,,,,,,,never,,,man,0,tw,taipei,,straight,,,,,single,trek2100,
12,6,1970,,,,,,,,,,,man,0,tw,taipei,,straight,,,,,single,trey50asaurus,
7,8,1990,,,,,,,,,,,woman,0,tw,kao-hsiung-ka,,straight,,,,,single,tricialeeasaurus,
5,9,1979,thin,,,,,,socially,never,,post_grad,woman,160,tw,taipei,,straight,,,,,single,trippingt,
1,1,1972,,,,,,,,,,,woman,0,tw,taipei,,straight,,,,,single,tripwonder,
30,4,1988,,,,,,,,,,,woman,0,tw,taipei,,straight,,,,,single,tristy_c,
6,3,1984,fit,,doesnt_have,might_want,omnivore,,socially,,,university,man,184,tw,taipei,,straight,,,pisces,no,single,tropicalholiday,
21,12,1973,used_up,,doesnt_have,might_want,omnivore,,not_at_all,never,,university,man,187,tw,tai-chung-shih,monogamous,gay,and_laughing_about_it,other,sagittarius,no,single,troubletaiwan,
13,10,1970,average_build,,,,,has_dogs,socially,never,,university,man,173,tw,taipei,,straight,,,libra,no,single,troyhan,
10,2,1987,,,,,,,socially,never,,,man,0,tw,hsin-chu,,straight,,,,no,single,troyskur,
3,2,1979,,,doesnt_have,might_want,,,,never,,post_grad,woman,0,tw,kao-hsiung-ka,,straight,,,aquarius,no,single,truejean,
4,2,1993,,,,,,,,,,,man,0,tw,,,straight,,,,,single,trun-cheng,
23,11,1985,,,,,omnivore,has_dogs,socially,never,,post_grad,man,188,tw,chiu-she-chieh,,straight,,,,sometimes,single,tsaitang,
6,2,1987,,,,,,,socially,never,dropped_out_of,university,woman,158,tw,taipei,,straight,and_laughing_about_it,other,aquarius,no,single,tsaitracy,
6,10,1979,average_build,,,,,has_dogs,socially,never,,university,woman,0,tw,jen-mei,,straight,,buddhism,libra,no,single,tsc020,
28,12,1979,,,,,,,,,,,woman,160,tw,kao-hsiung-ka,,straight,,,,,single,tshui,
26,2,1995,,,,,,,,never,,,woman,0,tw,,,straight,,,,,single,tsui09,
4,8,1979,overweight,has_cats,,,,,not_at_all,never,,,woman,174,tw,taipei,,straight,,,leo,no,single,tsunyichang,
31,1,1991,,,,,,,,never,,,woman,0,tw,taipei,,straight,,,,,single,tt0131,
9,5,1982,,,,,,,,never,,,woman,0,tw,taipei,,straight,,,,,single,ttevava99,
15,8,1975,,,,,,,,never,,,woman,161,tw,taipei,,straight,,,,,single,tullysthecat,
19,3,1985,,,,,,,,never,,,man,0,tw,taipei,,straight,,,,,single,tung2014,
22,11,1981,fit,,doesnt_have,wants,,,socially,never,,post_grad,woman,157,tw,kao-hsiung-ka,monogamous,straight,and_its_important,christianity,,,single,tur5,
24,12,1982,,,,,,,,never,,,man,0,tw,taipei,,straight,,,,,single,turbocid,
4,12,1974,,,,,,,,never,,university,woman,153,tw,feng-shan,monogamous,straight,,,,no,single,turquoise_maruko,
11,9,1990,,,,,omnivore,,,never,,university,man,172,tw,tai-chung-shih,,straight,,,virgo,no,single,tusn-wu-yung,
27,11,1998,,,,,,,,,,,woman,0,tw,chiang-liao-li,,straight,,,,,seeing_someone,twcindy,
2,7,1984,,,,,,,,,,,man,0,tw,feng-shan,,straight,,,,,single,twhandsome,
27,2,1987,,,,,,,,never,,,woman,0,tw,chiu-po-kou,,straight,,,,,single,twinscc,
4,4,1991,thin,,doesnt_have,,,,often,never,,,woman,170,tw,taipei,,bisexual,,christianity,,sometimes,single,twjaz,
7,9,1986,thin,,doesnt_have,might_want,omnivore,,socially,never,,university,man,170,tw,taipei,,straight,,atheism,virgo,no,single,twn_interpreter,
10,7,1978,,,,,,,,never,working_on,university,woman,0,tw,,,straight,,,,,single,twshufen,
20,11,1968,thin,,doesnt_have,,omnivore,,socially,never,,,woman,163,tw,taipei,,straight,,,scorpio,no,single,twtulip,
18,12,1977,,,,,,,,,,,woman,0,tw,chiu-tsung,,straight,,,,,single,tyleetmp,
7,5,1980,jacked,,doesnt_have,,vegetarian,,socially,never,,post_grad,man,180,tw,ta-an,monogamous,straight,and_laughing_about_it,atheism,,no,single,tylenchus,
23,10,1980,,,,,,,,never,,university,woman,164,tw,taipei,monogamous,straight,,,,no,single,tzuti23,
28,6,1992,fit,,,,,,,never,,,man,180,tw,chien-cheng,,straight,,,,,single,uccaa,
20,5,1998,,,doesnt_have,wants,,has_dogs,,,,,woman,167,tw,tai-chung-shih,monogamous,straight,,,,no,single,uguggirl,
27,11,1981,,has_cats,,,,,not_at_all,never,,university,woman,170,tw,taipei,,bisexual,,,sagittarius,no,single,umademilan,
23,7,1989,average_build,,,,,,socially,never,,,woman,165,tw,shih-ssu-fen-po,,straight,,,,no,single,unafrog,
30,9,1979,average_build,,doesnt_have,wants,,,not_at_all,never,,university,woman,168,tw,,monogamous,straight,,,libra,no,single,unawang,
10,3,1990,fit,,,,,,,,,,woman,0,tw,chi-lung,,straight,,,,,single,unechimere33,
10,11,1990,fit,,,,,,,,,,man,178,tw,taipei,,straight,,,,no,single,uniqsteven,
1,12,1972,fit,,has,,omnivore,,socially,never,,post_grad,man,170,tw,taipei,monogamous,straight,but_its_not_important,agnosticism,,no,single,univenture,
9,7,1980,,,,,omnivore,,socially,never,,post_grad,man,176,tw,hsia-shih-pi,monogamous,straight,,christianity,cancer,no,single,unkelsunk,
12,1,1986,,,,,,,socially,,,,woman,0,tw,taipei,,straight,,,,no,single,upgogogo,
1,1,1971,a_little_extra,,,,,,socially,never,,,man,185,tw,tai-chung-shih,,straight,,,,sometimes,married,usedtohavehair,
1,1,1988,,,,,vegetarian,,socially,never,,university,man,174,tw,taipei,,straight,,,,no,single,userxxxxtpe,
10,1,1980,average_build,,doesnt_have,,omnivore,has_dogs,socially,sometimes,,post_grad,woman,163,tw,taipei,,straight,but_its_not_important,agnosticism,capricorn,no,single,ushnej,
23,10,1982,,,,,,,socially,,,,woman,160,tw,tai-chung-shih,,straight,,,,no,single,uutoo1023,
21,10,1976,,,,,,,,,,,man,0,tw,kuei-tzu-keng,,straight,,,,,single,uzordhonest,
1,8,1990,,,,,,,,,,,woman,0,tw,taipei,,straight,,,,,single,v33733v,
25,5,1971,average_build,,doesnt_have,might_want,omnivore,,,never,,two_year_college,man,180,tw,nan-tou,monogamous,straight,,,gemini,,single,vajrasiddhi,
26,6,1989,fit,,doesnt_have,might_want,,,socially,never,,university,man,185,tw,shui-ku-tou,,straight,,,,no,single,valentin89s,
5,4,1983,,,,,,has_dogs,socially,never,,university,man,180,tw,ta-hua,,gay,,,aries,no,single,valterosaul,
4,6,1984,,,,,,,,never,,,woman,0,tw,taipei,,straight,,,,,single,vancy64,
5,2,1986,,,,,,,,never,,,woman,0,tw,taipei,,straight,,,,,single,vane-wonderland,
3,10,1984,average_build,,doesnt_have,might_want,,,socially,never,,university,woman,161,tw,taipei,,straight,,,libra,no,single,vaneilo,
11,5,1992,,has_cats,,,,,,,dropped_out_of,university,woman,0,tw,tai-chung-shih,monogamous,straight,,,,,open_relationship,vanessa810511,
7,12,1989,fit,,doesnt_have,wants,,,,never,,post_grad,woman,170,tw,taipei,monogamous,straight,,,sagittarius,no,single,vanessacy,
20,1,1993,,,,,,,,never,,,woman,0,tw,tai-chung-shih,,straight,,,,,single,vanessaleeinabox,
24,8,1982,,,,,,,socially,,,,woman,160,tw,taipei,,straight,,,,no,single,vanessaling,
23,9,1994,,,,,,,,,,,woman,0,tw,fan-she-chiao,,straight,,,,,single,vanessawang_cher,
29,10,1988,average_build,,,,,,socially,never,working_on,post_grad,man,180,tw,dingnanzi,,straight,,,,sometimes,single,vanii40,
28,7,1996,,,,,,,,,,,man,0,tw,heng-ko-kou,,straight,,,,,single,vannessz,
18,9,1992,,,doesnt_have,,,,,never,,university,man,0,tw,che-hang,,straight,,,,no,single,varcty,
4,3,1992,,,,,,,socially,,working_on,university,man,0,tw,taipei,,straight,,other,,no,single,varstotas,
22,9,1978,average_build,,doesnt_have,doesnt_want,omnivore,,socially,never,,university,man,165,tw,tai-chung-shih,,straight,and_laughing_about_it,atheism,virgo,no,single,vasterwin,
22,10,1986,fit,,,,vegetarian,,,never,,university,woman,160,tw,tai-chung-shih,,bisexual,,,libra,no,single,vatani_hsin,
18,11,1987,fit,,doesnt_have,wants,omnivore,,socially,never,working_on,post_grad,woman,163,tw,taipei,monogamous,straight,but_its_not_important,buddhism,scorpio,no,single,veasnalee,
20,6,1985,fit,,doesnt_have,might_want,omnivore,,socially,never,,post_grad,man,175,tw,taipei,,bisexual,but_its_not_important,atheism,,no,single,veblen_goods,
26,5,1988,,,,,,,,,,,woman,0,tw,yan-shan,,straight,,,,,single,velopethecat,
5,9,1993,,,,,,,,never,,,woman,161,tw,hsin-chu,,straight,,christianity,,,single,veniecerio,
29,11,1987,,,,,,,socially,never,,,woman,0,tw,tai-chung-shih,,straight,,christianity,sagittarius,no,single,venusjanairo,
12,1,1981,,,,,,,,,,,woman,0,tw,pu-chien,,straight,,,,,single,venven2828,
6,6,1992,,,,,,,,never,working_on,university,woman,0,tw,taipei,,bisexual,,,,,single,verbisnoun,
1,4,1979,,,,,,,,never,,,woman,0,tw,tai-chung-shih,,straight,,,,,single,verna-v,
10,3,1993,,,,,vegetarian,,socially,never,working_on,,woman,0,tw,,,straight,,,,no,open_relationship,vernachen1,
22,3,1989,fit,,,,,,socially,,,,woman,168,tw,taipei,,straight,,,,no,single,vernalrosa,
17,9,1990,,,doesnt_have,might_want,omnivore,,socially,never,working_on,university,woman,0,tw,taipei,,straight,,,virgo,no,single,veroniqueu,
28,11,1983,average_build,,doesnt_have,wants,omnivore,,socially,never,,,woman,160,tw,taipei,monogamous,straight,,atheism,sagittarius,no,single,veronyh,
18,10,1981,,,,,,,,never,,,woman,0,tw,taipei,,straight,,,,,single,verxchan,
27,7,1980,fit,,doesnt_have,might_want,omnivore,has_dogs,not_at_all,never,working_on,post_grad,woman,173,tw,taipei,monogamous,straight,,,leo,sometimes,single,vetfion,
20,5,1969,thin,,has,,,has_dogs,socially,,,post_grad,woman,168,tw,taipei,,straight,,,,no,single,vian0520,
2,12,1984,,,,,,,,never,,,woman,0,tw,taipei,,straight,,,,,single,vicachka,
6,3,1987,,,,,,,,never,,,woman,0,tw,taipei,,straight,,,,no,single,vicki_liu,
8,9,1981,average_build,has_cats,,,,,socially,never,,,woman,0,tw,,,straight,,,,no,single,vickietung,
8,5,1994,thin,,,,,has_dogs,socially,never,,,woman,0,tw,tung-hai hua-yan bie-shu,,straight,,,,,open_relationship,vicky0508,
21,5,1990,,,doesnt_have,,omnivore,has_dogs,socially,never,,university,woman,160,tw,,,straight,,,,no,single,vicky79521,
1,12,1983,,,,,,,,never,,,man,0,tw,taipei,,straight,,,,,single,victor12tsai,
19,9,1984,full_figured,,,,,,socially,never,,two_year_college,woman,167,tw,tai-chung-shih,,straight,,islam,virgo,no,single,victoriauw,
22,11,1981,a_little_extra,,has,doesnt_want,,,not_at_all,never,,,woman,0,as,"cairns, australia",,straight,,,,yes,single,victoriayangtron,
7,5,1984,,,doesnt_have,wants,,,not_at_all,never,,university,woman,0,tw,taipei,,straight,,,,no,single,vienchang,
30,9,1988,,,,,,,,never,,,man,0,tw,taipei,,straight,,,,,single,vince0930,
1,10,1976,,,,,,,,,,,man,0,tw,taipei,,straight,,,,,single,vincent55217,
20,6,1974,,,,,,,,,,,man,0,tw,,,straight,,,,,single,vincentsungemini,
9,2,1991,,,,,,,,,,,man,0,tw,tao-yan,,straight,,,,,single,vincentyang0209,
1,11,1968,fit,,,,omnivore,,socially,never,,post_grad,man,180,tw,taipei,,straight,,,,no,single,vincetaiwan,
23,6,1994,,,,,,,,,,,man,0,tw,kao-hsiung-ka,,straight,,,,,single,vindieselli,
8,6,1983,fit,,,,,,,,,post_grad,man,184,tw,taipei,,straight,,,gemini,,single,vinividivincent,
1,3,1998,,,,,,,,,,,woman,0,tw,kao-hsiung-ka,,straight,,,,,single,violaaaaaaaaaaaa,
16,4,1981,,,,,,,,,,,woman,0,tw,hsin-chu,,straight,,,,,single,violy89,
29,4,1986,,,,,,,,,,,woman,0,tw,taipei,,straight,,,,,single,vipasyanana,
21,11,1971,average_build,,doesnt_have,wants,omnivore,,socially,never,,post_grad,man,171,tw,taipei,,straight,but_its_not_important,buddhism,scorpio,no,single,virtualbug,
8,3,1982,,,,,,,,,,,woman,0,tw,taipei,,straight,,,,,single,vitality2010,
18,3,1989,full_figured,,,wants,,,socially,never,,university,woman,164,tw,kao-hsiung-ka,,straight,,,,no,single,vitashen,
28,6,1979,average_build,has_cats,doesnt_have,,,,socially,,,university,woman,0,tw,taipei,monogamous,straight,,,cancer,no,single,vitawubaby,
5,10,1974,,,,,,,,never,,,woman,0,tw,taipei,,straight,,,,,married,vivian41,
2,9,1981,,,,,,,,never,,,woman,0,tw,taipei,,straight,,,,,single,vivianawang,
21,4,1970,,,,,,,,,,,woman,0,tw,,,straight,,,,,single,vivianelien,
4,9,1988,fit,has_cats,,,,,socially,,,,woman,0,tw,shih-lin,,straight,,,,no,single,vivianhuang95,
6,11,1970,,,,,,,,never,,,woman,0,tw,taipei,,straight,,,,,single,vivianlatte,
7,11,1984,curvy,,doesnt_have,wants,omnivore,,socially,never,,university,woman,164,tw,taipei,monogamous,straight,,buddhism,scorpio,no,single,vivianlu7,
25,6,1991,,,,,,,,,,,woman,0,tw,hsin-chu,,straight,,,,no,single,vivichan_taco,
3,12,1982,,,,,,,,,,,woman,0,tw,taipei,,straight,,,,,single,vividivertirme,
5,2,1986,curvy,,,,,,socially,never,,,woman,170,tw,taipei,,straight,,,,yes,single,viviwu,
1,1,1986,fit,,doesnt_have,might_want,,,socially,never,,university,woman,155,tw,taipei,,straight,,,capricorn,no,single,viz-,
14,1,1990,overweight,,doesnt_have,,omnivore,has_dogs,not_at_all,never,,university,woman,173,tw,taipei,,straight,,other,capricorn,no,single,vjhonsial311,
5,11,1987,,,,,vegetarian,,socially,never,,,woman,163,tw,tai-chung-shih,,straight,,agnosticism,,no,single,vkonstanz,
4,12,1983,,,,,,,socially,never,,,man,178,tw,taipei,,straight,,,,no,single,vnace,
30,1,1989,thin,,,,omnivore,,socially,never,,post_grad,man,0,tw,,monogamous,straight,,,aquarius,no,single,vocanol_jing,
18,3,1983,,,,,,,,never,,,man,0,tw,shih-erh-chia,,straight,,,,,single,vuongo,
26,8,1995,,,,,,has_dogs,socially,never,,university,woman,159,tw,kao-hsiung-ka,monogamous,straight,,,virgo,no,single,vvnanan,
1,6,1982,average_build,,doesnt_have,,,,socially,never,,post_grad,woman,165,tw,taipei,,straight,,,gemini,no,single,vw61,
21,12,1994,,,,,,,socially,,,,woman,0,tw,taipei,,straight,,,,no,single,w-e-n,
1,10,1984,,,,,,,,never,,,woman,168,tw,fen-chi-hu,,straight,,,,,single,w33wangliling,
22,4,1992,,,doesnt_have,,,,often,never,,university,man,0,tw,taipei,,straight,,,,sometimes,single,w60830g,
9,5,1994,fit,,doesnt_have,doesnt_want,,,,never,working_on,university,woman,152,tw,tai-chung-shih,,straight,,,,no,single,wadsl0123,
1,9,1990,,,,,,,,,,,man,0,tw,,,straight,,,,,single,wahyudi_saputra,
31,3,1990,average_build,,,,,,,never,,,man,175,tw,tai-chung-shih,,straight,,,,no,single,wai-ting,
10,10,1984,,,,,,,,,,,man,0,tw,taipei,,straight,,,,,single,waigoren,
2,10,1988,thin,,,,omnivore,,socially,never,,post_grad,woman,157,tw,liu-chang-li,,straight,,,libra,no,single,waitplz,
12,2,1974,,,,,,,socially,never,,,man,0,tw,tai-chung-shih,,straight,,,,no,seeing_someone,wallrs,
29,8,1992,,,,,,has_dogs,socially,never,,,woman,168,tw,i-lan,monogamous,straight,,,,no,single,wancu,
3,5,1989,average_build,,doesnt_have,might_want,,,socially,,working_on,post_grad,man,195,tw,taipei,,straight,and_laughing_about_it,catholicism,,no,single,wanderinirish,
3,1,1986,fit,,doesnt_have,doesnt_want,omnivore,,socially,never,,university,man,173,tw,,,straight,,,,no,single,wanderlust690,
29,7,1993,thin,,doesnt_have,,omnivore,,socially,never,working_on,university,woman,159,tw,tai-chung-shih,,straight,,,leo,no,single,wanny_kao,
16,5,1981,fit,,doesnt_have,might_want,omnivore,,socially,never,,,woman,172,tw,taipei,monogamous,straight,,,taurus,no,single,wanyishen,
29,12,1985,,,,,,,,never,,,woman,0,tw,taipei,,straight,,,,,single,wanyor,
18,3,1991,fit,,,,,,socially,never,,,man,178,tw,taipei,,straight,,,,no,single,warrengao,
27,12,1968,,,,,,,,,,,woman,0,tw,tao-yan,,straight,,,,,single,wasamigirlatgmai,
24,4,1980,fit,,doesnt_have,,omnivore,,socially,never,,post_grad,man,174,tw,taipei,,straight,,,taurus,no,single,wawrinkac,
16,8,1990,fit,,,,,,socially,never,,,man,178,tw,taipei,,straight,,,,,single,wayne816,
13,2,1992,thin,,doesnt_have,,,,socially,never,,university,man,180,tw,chiu-lu,monogamous,straight,,,aquarius,no,single,wayneshu,
29,6,1993,thin,,,,,,socially,never,,,man,168,tw,taipei,,straight,,,,no,single,waystobe,
24,6,1990,a_little_extra,,doesnt_have,,,,socially,never,working_on,university,woman,168,tw,,,straight,,,,no,single,wazs,
20,3,1994,,,,,,,,never,,university,man,0,tw,tsai-liao,,straight,,,,no,single,we830320,
18,10,1987,,,,,,,,never,,,man,0,tw,taipei,,straight,,,,,single,webberhou,
7,6,1995,,,,,,has_dogs,,never,,university,woman,155,tw,tai-chung-shih,,straight,,,gemini,no,single,wei060711,
13,8,1994,thin,,doesnt_have,,omnivore,has_dogs,not_at_all,never,,university,woman,158,tw,taipei,,bisexual,,,leo,no,single,wei_taiwan,
22,1,1987,average_build,has_cats,doesnt_have,might_want,omnivore,,socially,never,,university,man,177,tw,taipei,,straight,,,aquarius,no,single,weichiachi,
31,12,1978,,,,,,,not_at_all,never,,university,woman,162,tw,ping-tung,,straight,,,,no,seeing_someone,weifengpiaoyang,
29,9,1979,,,,,,,,,,,woman,0,tw,taipei,,straight,,,,,single,weili_calico,
11,6,1982,,,,,,,,,,,woman,0,tw,taipei,,straight,,,gemini,,single,weiling_c,
10,3,1987,thin,,,,,has_dogs,,never,,post_grad,woman,155,tw,taipei,monogamous,straight,,,pisces,,single,weiningy,
25,9,1992,full_figured,,,,,,socially,never,,university,man,180,tw,taipei,,straight,,atheism,libra,no,single,weiproteinshake,
5,2,1978,,has_cats,,,,,socially,never,,university,man,0,tw,,,straight,,,,no,single,weitingyan,
25,5,1989,,,,,,,,,,,woman,0,tw,tai-chung-shih,,straight,,,,,single,weiweilovescat,
4,7,1995,,,doesnt_have,,,,,never,,,woman,0,tw,kao-hsiung-ka,,bisexual,,,,no,single,weiyu74,
18,2,1988,,,,,,,,never,,,man,0,tw,kao-hsiung-ka,,straight,,,,,single,weiyyang,
29,3,1995,thin,,doesnt_have,,omnivore,,not_at_all,never,working_on,university,woman,163,tw,chang-hua,,straight,,,aries,no,single,wendy03asaurus,
13,7,1989,,,,,,,,,,,woman,0,tw,hsia-ta-yu,,straight,,,,,single,wendy713haha,
4,10,1995,average_build,,doesnt_have,,omnivore,,socially,never,working_on,university,woman,155,tw,tai-chung-shih,,straight,,,libra,sometimes,single,wendy_wu,
9,12,1994,thin,,,,,,,never,,university,woman,162,tw,taipei,,straight,,,sagittarius,no,single,wendyqing,
23,3,1992,fit,,doesnt_have,,,has_dogs,socially,never,,university,woman,160,tw,taipei,,straight,,,,no,single,wendywang-,
7,6,1976,,,,,,,,never,,,woman,164,tw,taipei,,straight,,,,no,single,wenew65,
2,3,1994,,,,,,,,never,,,woman,0,tw,taipei,,straight,,,,,single,wenmin_032,
13,10,1992,,,,,,,,,,,man,0,tw,,,straight,,,,,single,westlyn2,
13,11,1986,,,,,,,not_at_all,never,,,man,0,tw,tai-chung-shih,,straight,,,,no,single,whackooo,
10,11,1977,fit,,,,omnivore,,socially,never,,university,woman,157,tw,taipei,,straight,,,,,single,whatever16544,
29,8,1985,,,,might_want,,,socially,never,,post_grad,woman,166,tw,taipei,,straight,,,,sometimes,single,whatsupnikki,
25,2,1990,curvy,,,,,,,,,,man,109,tw,,,straight,and_its_important,,,,single,wheatlyinapotato,
1,6,1982,,,,,,,socially,never,,,woman,0,tw,taipei,,straight,,,,no,single,wheloon0601,
21,6,1985,,,,,,,,never,,,man,0,tw,taipei,,straight,,,,,single,white_doraemon,
23,1,1970,a_little_extra,,doesnt_have,,,,socially,never,,two_year_college,woman,167,tw,taipei,monogamous,straight,but_its_not_important,buddhism,aquarius,no,single,whitneywang,
5,7,1989,curvy,,,,,,,never,,,woman,160,tw,,,straight,,,,,single,whysojen,
17,11,1974,average_build,,doesnt_have,might_want,vegetarian,has_dogs,not_at_all,never,,university,woman,160,tw,taipei,monogamous,straight,,buddhism,scorpio,no,single,widedwu,
29,9,1992,,,,,,,,,,,man,0,tw,,,straight,,,,no,single,wilayou,
6,10,1988,average_build,,doesnt_have,wants,,,socially,never,,university,woman,152,tw,tao-yan,,straight,and_its_important,christianity,libra,no,single,wildnerve,
5,6,1971,,,doesnt_have,,,,,never,,university,man,0,tw,kao-hsiung-ka,,straight,,buddhism,gemini,,single,wilfredhsu,
15,11,1989,,,,,,,,,,,man,0,tw,tu-cheng,,straight,,,,,single,williamdone,
8,11,1983,thin,,doesnt_have,,,,,never,,post_grad,man,175,tw,chien-cheng,,straight,,,,,single,williehu,
11,9,1990,thin,,,,,,often,never,,,woman,160,tw,tai-chung-shih,,straight,,,,sometimes,single,willowkaka,
8,10,1996,fit,,,,,,,never,,,man,178,tw,nan-tun,,straight,,,,no,single,wilsonchen_taco,
9,4,1966,thin,,doesnt_have,doesnt_want,omnivore,,socially,never,,post_grad,woman,163,tw,taipei,monogamous,straight,,buddhism,aries,no,single,windycake,
27,6,1965,,,,,,,,never,,,man,0,tw,taipei,,straight,,,,,single,wingchen,
30,8,1995,,,,,,,,,,,woman,0,tw,taipei,,straight,,,,,single,wingsanne,
29,3,1978,,,,,,,,never,,,woman,0,tw,tai-chung-shih,,straight,,,,,single,wingyang329,
18,4,1976,a_little_extra,,doesnt_have,,,has_dogs,socially,never,,university,woman,160,tw,lin-tzu,monogamous,straight,,,aries,sometimes,single,wini418,
8,7,1998,,,,,,,,,,,woman,0,tw,tai-chung-shih,,straight,,,,,single,winni0708,
21,11,1983,average_build,,doesnt_have,,omnivore,,socially,never,working_on,,woman,165,tw,chang-hua,monogamous,straight,,other,sagittarius,no,single,winnie520tron,
29,7,1998,,,doesnt_have,,omnivore,has_dogs,not_at_all,never,working_on,high_school,woman,165,tw,tai-chung-shih,monogamous,straight,,,leo,no,single,winnielin0729,
21,5,1991,,,doesnt_have,,omnivore,,socially,never,,university,woman,156,tw,,,straight,,,taurus,no,single,winnielulu,
25,6,1985,,,,,,,,never,,,man,0,tw,taipei,,straight,,,,,single,winniepiglet,
8,2,1989,average_build,,doesnt_have,might_want,omnivore,,socially,never,,university,man,168,tw,taipei,monogamous,straight,,,aquarius,no,single,winstonlu310033,
16,12,1991,average_build,,doesnt_have,,,,not_at_all,never,,,woman,157,tw,hsin-chu,monogamous,straight,,catholicism,sagittarius,no,single,wintersky18,
19,11,1988,fit,,,,,,socially,never,,university,man,184,tw,tai-chung-shih,,straight,,atheism,,,single,wiseoldhat,
1,7,1987,,,,,,,socially,,,,woman,168,tw,taipei,monogamous,straight,,,cancer,sometimes,single,withdreamcatcher,
7,2,1986,,,,,,,,,,,woman,170,tw,taipei,,straight,,,aquarius,,single,withlove177,
19,5,1989,thin,,,,,,socially,never,,university,man,172,tw,taipei,,straight,,,taurus,no,single,witness933,
17,10,1984,,,,,,,socially,never,,,woman,0,tw,taipei,,straight,,,,,single,wl_claire,
6,2,1989,,,,,,,,never,,,woman,0,tw,taipei,,straight,,,,,single,wlienntw,
8,12,1973,fit,has_cats,doesnt_have,,,,socially,never,,post_grad,woman,157,tw,taipei,,straight,,,,no,single,wlili,
23,8,1988,,,,,,,socially,never,,post_grad,woman,164,tw,kao-hsiung-ka,monogamous,straight,,,,no,single,wolala123,
18,8,1992,average_build,,,,,has_dogs,,never,,university,woman,171,tw,tao-yan,,straight,,,leo,no,single,wonkaholic,
19,11,1983,fit,,,,omnivore,,socially,never,,post_grad,man,170,tw,taipei,,straight,,,taurus,no,single,wontonpunch,
3,6,1983,thin,,,,,,,,,,woman,0,tw,tao-yan,,straight,,christianity,,,single,woodlover2016,
4,10,1984,,,,,,,often,,,university,man,175,tw,taipei,,straight,,,libra,sometimes,single,woodybartend,
20,5,1993,,has_cats,,,,,not_at_all,,,,woman,165,tw,chang-tai,,straight,,,gemini,no,single,woodyhee,
12,12,1977,,,,,,,,never,,,woman,0,tw,hsia-shih-pi,,straight,,,,,single,wtfjoeya,
17,10,1992,,,,,,,,,,,woman,0,tw,tao-yan,,straight,,,,,single,wulanta,
9,9,1975,,,,,,,,never,,,man,0,tw,taipei,,straight,,,,,single,wuming147,
2,8,1990,,,,,,,,,,,woman,0,tw,nan-hsing-li,,straight,,,,,single,wuwiy,
27,9,1982,,,,,,,,,,,woman,168,tw,taipei,,straight,,,,,single,wwen82,
26,12,1992,,,,,,,,,,,woman,0,tw,kao-hsiung-ka,,straight,,,,,single,wwvivi1992,
26,8,1993,average_build,,,,,,not_at_all,never,,university,woman,179,tw,taipei,,straight,,,,,single,wyuu,
16,2,1990,,,,,,,,,,post_grad,woman,164,tw,taipei,,straight,,,aquarius,,single,wywwenyu,
28,3,1965,,,,,,,,never,,,man,0,tw,taipei,,straight,,,,,single,wzajac,
3,9,1981,,,,,,,,,,,man,0,tw,taipei,,straight,,,,,single,xad93,
4,11,1984,fit,,doesnt_have,,,,socially,never,,post_grad,man,167,tw,taipei,non_monogamous,straight,but_its_not_important,islam,scorpio,no,single,xahidlone,
22,9,1990,,,,,,,,,,,man,0,tw,,,straight,,,,,single,xander01asaurus,
22,10,1987,overweight,,,,,,not_at_all,never,,,woman,0,tw,hsing-ya,,straight,,,,no,single,xaviera_ho,
22,7,1992,,has_cats,,,,has_dogs,often,,,university,woman,166,tw,tai-chung-shih,,straight,,,,,single,xavierahyt,
5,9,1997,average_build,,,,omnivore,,not_at_all,never,working_on,university,man,181,tw,kao-hsiung-ka,,gay,,,virgo,no,single,xbenitox,
7,10,1988,,,doesnt_have,,,,socially,never,,university,woman,160,tw,taipei,monogamous,straight,,,libra,no,single,xbisoux,
27,10,1977,average_build,,doesnt_have,doesnt_want,,,socially,never,,university,man,183,tw,tai-chung-shih,,straight,,,scorpio,no,seeing_someone,xcopyoung,
3,12,1981,,,,,,,,,,,man,0,tw,taipei,,straight,,,,,single,xeben,
22,2,1993,,,,,,,,,,university,woman,0,tw,nan-tun,,straight,,,,,single,xenia82223,
14,9,1984,,,doesnt_have,wants,,,not_at_all,never,,two_year_college,woman,0,tw,hsin-chu,,straight,,catholicism,scorpio,no,single,xhaithecat,
23,6,1979,,,,,,,socially,never,,,woman,172,tw,taipei,,straight,,,,,single,xiangh,
16,8,1968,fit,,doesnt_have,might_want,omnivore,has_dogs,socially,never,working_on,high_school,man,176,tw,tai-chung-shih,monogamous,straight,,,leo,yes,single,xianhua_zeng,
23,10,1987,thin,,,,,has_dogs,not_at_all,never,working_on,university,man,0,tw,tai-chung-shih,,gay,,catholicism,scorpio,no,single,xiaomie,
3,1,1974,overweight,has_cats,doesnt_have,doesnt_want,,,socially,never,,university,man,174,tw,taipei,monogamous,straight,,,,yes,single,xiaoqing74,
31,1,1962,average_build,,,wants,omnivore,,socially,never,,university,man,185,tw,taipei,monogamous,straight,,atheism,,no,single,xiaweiyidao,
6,12,1978,,,,,,,,never,,,woman,0,tw,yung-ho-tsun,,straight,,,,,single,xielie,
18,5,1990,rather_not_say,,,might_want,,has_dogs,socially,never,,university,woman,156,tw,kao-hsiung-ka,,straight,and_its_important,christianity,,,single,xinning,
18,1,1993,average_build,,,,omnivore,,often,never,,,woman,169,tw,tien-hsin,,straight,,,,no,single,xjdkc,
7,10,1978,fit,,,,,,,,,,man,183,tw,taipei,,straight,,,,,single,xofak12,
16,3,1990,,,,,,,,,,,woman,0,tw,,,straight,,,,,single,xoxoxox2584,
1,3,1987,,,,,,,,never,,,woman,165,tw,taipei,,straight,,,,,single,xting31,
25,11,1991,,has_cats,,,,,socially,never,,university,woman,168,tw,taipei,,straight,,,sagittarius,,single,xuan-yang,
3,8,1995,,,,,,,,,,,woman,0,tw,tai-chung-shih,,straight,,,,,single,xuanrong,
19,10,1991,,,doesnt_have,might_want,,has_dogs,socially,never,,,woman,160,tw,taipei,,straight,,,libra,no,single,xuanxuan10,
12,12,1990,,,,,,,,,,,woman,0,tw,taipei,,straight,,,,,single,xuelinga521,
21,5,1985,,,,,,,,never,,,woman,163,tw,taipei,,bisexual,,,taurus,,single,xushandi,
12,7,1993,average_build,,doesnt_have,might_want,,has_dogs,socially,never,,,man,175,tw,kao-hsiung-ka,,straight,,,,no,single,xwzhu,
12,7,1994,average_build,,doesnt_have,,,,socially,never,,university,woman,163,tw,tai-chung-shih,,straight,,,cancer,no,single,xxhereandnow,
2,3,1993,,,,,,has_dogs,,never,working_on,university,woman,169,tw,hsia-lun-tzu-ping,,straight,,,,no,open_relationship,xxluellaxx,
6,9,1994,,,doesnt_have,wants,,has_dogs,socially,never,,,woman,158,tw,,,straight,,,,no,single,xxs99,
2,1,1985,fit,,,,,,socially,never,,post_grad,man,178,tw,taipei,,straight,,,,sometimes,single,xxxsamx,
19,4,1990,,,doesnt_have,,,,socially,,,university,woman,0,tw,taipei,,straight,,,aries,yes,single,xydr19,
22,10,1993,,,,,,,,,,,woman,0,tw,taipei,,straight,,,,,single,y1122331,
11,10,1996,fit,,,,,,socially,never,,university,woman,166,tw,taipei,,straight,,,,no,single,ya-tingchen,
30,4,1989,average_build,,doesnt_have,,,,socially,never,,post_grad,woman,0,tw,chang-hua,,straight,,,taurus,no,single,yabber39,
13,7,1994,,,,,,,,,working_on,university,woman,0,tw,taipei,,straight,,,,,single,yachulo-linda,
13,1,1997,average_build,,,,,,not_at_all,never,,,woman,156,tw,shueiyuandi,,straight,,,,no,single,yahan_liao,
3,12,1977,,,,,,,,never,,,woman,0,tw,,,straight,,,,,single,yamiebenz,
26,12,1983,,,,,,,,,,,man,0,tw,chang-hua,,straight,,,,,single,yan-cu,
16,5,1993,thin,has_cats,doesnt_have,,,,not_at_all,never,,university,woman,166,tw,,,straight,,,taurus,no,single,yan40540,
6,8,1989,,,,,,,,,,,woman,0,tw,tao-yan,,straight,,,,,single,yanachen,
16,3,1987,average_build,,,,,,socially,,,post_grad,man,175,tw,hsiu-lang,monogamous,straight,,,,no,single,yanellev,
11,1,1980,,,,,,,,,,,woman,0,tw,taipei,,straight,,,,,single,yangcharmmy,
26,3,1957,,,,,,,,,,,man,0,tw,ya-mu-ling,,straight,,,,,single,yangsuro,
24,9,1970,,,,doesnt_want,,,socially,never,,university,woman,160,tw,taipei,monogamous,straight,,,,no,single,yangxiaohui,
11,11,1994,,,,,,,socially,never,,,woman,170,tw,kuei-shan,,straight,,buddhism,,no,single,yanlexin,
24,12,1973,,,doesnt_have,might_want,,,socially,,,,woman,166,tw,taipei,,straight,,,,no,single,yannyannyann,
8,8,1995,thin,,doesnt_have,,,,socially,never,working_on,university,woman,0,tw,ping-tung,,straight,,agnosticism,leo,no,single,yanxi0808,
24,7,1968,,,,,,has_dogs,,never,,university,woman,0,tw,tao-yan,,straight,,,leo,no,single,yao-sarah,
19,2,1992,,,,,,,,,,,man,0,tw,chang-hua,,straight,,,,,single,yao-ting,
23,5,1987,,,,,,,,,,,woman,0,tw,tai-chung-shih,,straight,,,,,single,yao99g,
25,2,1986,,,,,,,,,,university,woman,0,tw,taipei,,straight,,,,,single,yapingchen,
27,5,1983,average_build,,doesnt_have,might_want,,,,,,university,woman,147,tw,taipei,,straight,,,,no,single,yaris-chien,
22,9,1988,,,,,,,,,,,woman,0,tw,taipei,,straight,,,,,seeing_someone,yawen-su,
15,3,1994,,,doesnt_have,might_want,,has_dogs,,never,,university,woman,0,tw,tai-chung-shih,,straight,,,,no,single,yayaloveanny,
13,3,1985,,,,,,,,,,,woman,0,tw,,,straight,,,,,single,yayauk313,
10,7,1979,fit,,doesnt_have,wants,,has_dogs,often,never,,university,woman,158,tw,taipei,monogamous,bisexual,but_its_not_important,buddhism,cancer,no,single,ycheryl,
22,9,1995,,,,,,,,,,,man,0,tw,tai-chung-shih,,straight,,,,,single,yeahx3yong,
24,9,1973,average_build,,,,,,socially,never,,university,woman,0,tw,kao-hsiung-ka,,straight,,,libra,no,single,yehyiting,
28,10,1990,,,,,,,socially,never,,university,woman,165,tw,taipei,,straight,,,,no,single,yellowbycoldplay,
22,11,1975,thin,,,,,,not_at_all,never,,university,woman,168,tw,kao-hsiung-ka,monogamous,straight,and_its_important,christianity,,no,single,yenihope,
24,1,1989,,,,,,has_dogs,,,,,woman,0,tw,chang-an-li,,straight,,,,,single,yennydermawan,
26,1,1987,,,,,,has_dogs,socially,never,,,woman,167,tw,taipei,,straight,,,,no,single,yentsu,
17,4,1983,thin,,,,vegetarian,,socially,never,,university,woman,168,tw,taipei,,straight,,,aries,no,single,yeohlily,
28,11,1991,average_build,,,,omnivore,,socially,never,,,woman,163,tw,,,straight,,catholicism,sagittarius,no,single,yesha18,
3,3,1991,average_build,,,,,has_dogs,socially,never,dropped_out_of,university,man,175,tw,taipei,,straight,but_its_not_important,christianity,aries,sometimes,single,yesterdaymemory,
14,5,1992,fit,,,,omnivore,,socially,never,,post_grad,man,175,tw,taipei,monogamous,straight,,,taurus,no,single,yhct,
18,8,1981,average_build,,,,,,socially,never,,university,woman,155,tw,hsin-chu,,straight,and_its_important,catholicism,leo,no,single,yhuni,
20,1,1980,,,,,,,,never,,,woman,0,tw,ku-ting,,straight,,,,,single,yhy0120,
24,10,1982,average_build,has_cats,doesnt_have,might_want,omnivore,,socially,never,,post_grad,woman,175,tw,taipei,monogamous,straight,,,scorpio,no,single,yiannlew,
25,11,1977,,,,,,,,never,,,woman,0,tw,taipei,,straight,,,,,single,yichichen123,
12,3,1992,,,,,,,,never,,,woman,0,tw,tai-chung-shih,,straight,,,,,single,yichien123,
6,1,1980,,,,,,,,never,,,woman,0,tw,taipei,,straight,,,,,single,yichingliu,
23,5,1997,,,,,,,,never,,,woman,0,tw,taipei,,straight,,,,,single,yihanwang,
26,9,1981,,,,,,,socially,never,working_on,university,woman,0,tw,taipei,,straight,,,,no,single,yihsuan_c,
17,10,1983,average_build,,,,,,socially,never,,post_grad,man,178,tw,taipei,,straight,,,libra,no,single,yihuan3663,
9,6,1997,,,doesnt_have,,,,,never,,,woman,163,tw,kao-hsiung-ka,,straight,,,gemini,no,single,yihui30919,
8,4,1987,,,,,,,,never,,,woman,0,tw,kao-hsiung-ka,,straight,,,,,single,yijing_kei,
5,2,1985,,,,,omnivore,,not_at_all,never,,,woman,0,tw,taipei,monogamous,straight,,,aquarius,no,single,yijinglin,
9,9,1984,,,doesnt_have,,omnivore,,socially,never,,university,woman,168,tw,taipei,monogamous,straight,,,virgo,no,single,yiling-io,
17,7,1981,,,doesnt_have,,,,socially,,working_on,university,woman,0,tw,kou-chien-tzu,,straight,,,,,single,ying0717,
29,12,1979,average_build,,doesnt_have,might_want,omnivore,,socially,never,,post_grad,woman,160,tw,taipei,,straight,,,,no,single,yingy0303,
17,11,1993,thin,,,,,,not_at_all,never,,university,woman,160,tw,taipei,,straight,,,scorpio,no,single,yinjunawang,
5,7,1982,,,doesnt_have,wants,,,socially,never,,university,woman,153,tw,hou-lung-tzu,,straight,,buddhism,cancer,no,single,yinssss,
16,11,1979,,,,,,,socially,never,,,woman,165,tw,taipei,,straight,,,,no,single,yinyin1116,
23,9,1992,,,,,,,socially,,working_on,,woman,157,tw,kao-hsiung-ka,,straight,,,libra,,single,yiru9329,
27,10,1984,thin,,doesnt_have,wants,,,socially,never,,university,woman,0,tw,taipei,monogamous,straight,,,scorpio,no,single,yisan123,
10,1,1991,,has_cats,,,,,often,never,,post_grad,woman,157,tw,taipei,,straight,,,,,single,yishenpan,
20,1,1994,average_build,,doesnt_have,,,,socially,never,working_on,university,woman,0,tw,taipei,,straight,,,aquarius,no,single,yiting1994,
11,11,1986,average_build,,doesnt_have,wants,,,socially,never,,post_grad,woman,160,tw,taipei,monogamous,straight,,agnosticism,scorpio,no,single,yitingchen86,
11,5,1994,,,,,,,socially,never,,,woman,0,tw,kao-hsiung-ka,,straight,,,,no,single,yitinggggg,
27,1,1985,curvy,,,,omnivore,,socially,,,university,man,172,tw,taipei,,straight,,,aquarius,no,single,yiue,
27,5,1994,overweight,has_cats,doesnt_have,wants,omnivore,has_dogs,socially,never,working_on,two_year_college,woman,0,tw,,,straight,,,gemini,sometimes,seeing_someone,yiwentsai,
19,11,1993,,,,,,,,,,,woman,170,tw,taipei,,straight,,,,,single,yiyi-kuo,
1,8,1994,,,,,,,,never,,,woman,0,tw,tai-chung-shih,,straight,,,,,single,yiyizhou,
19,7,1964,,,,,,,,,,,man,0,tw,kao-hsiung-ka,,straight,,,,no,single,yl8425,
9,12,1983,,,,,,,,never,,,man,0,tw,taipei,,straight,,,,,single,yneq,
19,1,1996,,,,,,,,never,,,woman,157,tw,taipei,,straight,,,,no,single,yo119,
1,9,1982,,,,,,,,never,,,woman,0,tw,taipei,,straight,,,,,single,yo6yom3,
16,2,1995,,,,,,,,never,,university,woman,0,tw,nan-tzu,,straight,,,,,single,yogakuoyoga,
24,12,1989,fit,,,,omnivore,,socially,never,,,man,175,tw,taipei,,straight,,,,no,single,yoh__,
10,2,1987,,,,,,,socially,never,,university,man,0,tw,hou-lung-tzu,,straight,,,,no,single,yohimbine0210,
12,12,1982,,,,,,,,,,,woman,0,tw,,,straight,,,,,single,yoksldhfs,
18,9,1984,,,,,,,,never,,,man,0,tw,taipei,,straight,,,,,single,yoman120,
3,11,1990,,,,,,,,,,,woman,165,tw,kao-hsiung-ka,,straight,,,,,single,yoshikoshih,
18,9,1990,,,,,,,,,,,man,0,tw,taipei,,straight,,,,,single,young565,
26,1,1983,,,,,,,not_at_all,never,,,woman,160,tw,taipei,monogamous,straight,,,,no,single,yoyo1234mania,
18,11,1989,average_build,,,,,,often,sometimes,,university,man,170,tw,taipei,,straight,,,scorpio,yes,single,yoyogogo168,
15,9,1985,average_build,,doesnt_have,,omnivore,,not_at_all,never,,,man,188,tw,taipei,monogamous,straight,,atheism,virgo,no,single,yruama25,
24,3,1993,fit,,doesnt_have,wants,,,not_at_all,never,dropped_out_of,university,woman,155,tw,taipei,,straight,,,,no,single,yu-hsuancheng,
12,12,1991,,,,,,,,,,,woman,0,tw,,,straight,,,,,single,yu-sexy,
5,9,1997,,,,doesnt_want,,has_dogs,not_at_all,never,,high_school,woman,160,tw,tai-chung-shih,,straight,,,,no,single,yu-tin-chau,
21,7,1992,,,,,,,socially,never,,,man,175,tw,,,straight,,,cancer,no,single,yuchenwang,
16,9,1980,,,,,,has_dogs,socially,,,university,woman,157,tw,tao-yan,,straight,but_its_not_important,buddhism,virgo,yes,single,yuchian,
18,8,1997,thin,,,,,,socially,never,,,woman,160,tw,nan-tou,,straight,,,,no,single,yuchunchen,
31,3,1986,fit,has_cats,doesnt_have,doesnt_want,,,socially,never,dropped_out_of,university,man,0,tw,shih-pi-tzu,,straight,,,,sometimes,single,yuehchunwang,
1,10,1987,,,,,,,socially,never,,,woman,0,tw,kao-hsiung-ka,,straight,,,,no,single,yuenhsiu,
30,7,1988,,,,,omnivore,has_dogs,not_at_all,never,,university,woman,0,tw,,monogamous,straight,and_its_important,christianity,,no,single,yueshi,
21,7,1983,,,,wants,,has_dogs,socially,never,working_on,university,woman,153,tw,hsin-chu,monogamous,straight,,,cancer,sometimes,single,yuhsien,
3,3,1968,,,,,,has_dogs,,never,,,woman,0,tw,tao-yan,,straight,,,,no,single,yuhsuan9624,
21,11,1994,average_build,,,,,,,,,,man,181,tw,tu-hsing-hsin-tsun,,straight,,,scorpio,sometimes,single,yuhui112194,
26,2,1995,,,,,,,not_at_all,never,,,woman,0,tw,tai-chung-shih,,straight,,,,no,single,yuimeow,
4,3,1994,,,,,,,,,working_on,university,woman,0,tw,tao-yan,,straight,,,,,single,yujie_chiu,
3,10,1987,,,,,,,socially,never,,,woman,0,tw,tao-yan,,straight,,,,no,single,yujunlin,
15,1,1994,,,,,,,,,,,woman,0,tw,taipei,,straight,,,,,single,yuki90969,
8,8,1995,thin,has_cats,doesnt_have,wants,omnivore,,not_at_all,never,working_on,university,woman,155,tw,,monogamous,straight,,,leo,no,single,yukikuran,
5,1,1998,,,,,omnivore,,socially,never,,,woman,0,tw,,,straight,,,,no,single,yukisun-messi,
25,1,1994,thin,,doesnt_have,might_want,,,socially,never,,university,man,174,tw,tai-chung-shih,,straight,,,,no,open_relationship,yukuilai,
29,7,1975,,,,,,,,,,,woman,0,tw,pu-hsin,,straight,,,,,single,yuli1262,
6,3,1980,fit,,,,,,socially,never,,post_grad,woman,0,tw,tao-yan,,straight,,,,no,single,yulia0306,
11,5,1995,,,doesnt_have,doesnt_want,,,socially,never,,university,woman,159,tw,taipei,,straight,but_its_not_important,atheism,taurus,no,single,yuling-chu,
14,10,1991,,,,,,,,never,,university,woman,154,tw,taipei,,straight,,,libra,no,single,yulinghu,
1,1,1976,,,,,,,,,,,woman,0,tw,hsin-chu,,straight,,,,,single,yulisandy,
30,10,1984,rather_not_say,has_cats,,,omnivore,,socially,never,working_on,post_grad,woman,164,tw,tung-shih,,gay,,,scorpio,sometimes,single,yuliu_rock,
5,8,1993,thin,,,,,,often,never,,,woman,0,tw,nan-tzu,,straight,,,,no,single,yumichen,
23,1,1981,,,,,,,,,,,woman,0,tw,taipei,,straight,,,,,single,yumitt,
9,8,1987,,,,,,has_dogs,,,,,woman,0,tw,taipei,,straight,,,,,single,yun-huang,
7,9,1998,,,,,,,,,working_on,high_school,woman,0,tw,kao-hsiung-ka,,straight,,,,,single,yun_ooo,
29,3,1980,fit,,doesnt_have,wants,omnivore,,socially,never,,post_grad,man,168,tw,shuang-yan,monogamous,straight,,,aries,no,single,yungbird,
14,3,1993,average_build,,doesnt_have,might_want,,,,never,,university,woman,160,tw,sha-lu,monogamous,straight,,,,no,single,yunye_wendy,
1,6,1988,,,,,,,,never,,,woman,0,tw,taipei,,straight,,,,,single,yupeichen,
14,11,1989,,,,,,,,,,,woman,0,tw,nan-kang,,straight,,,,,single,yushinyu,
30,10,1988,,,,,,,,,,,man,0,tw,,,straight,,,,,single,yutsungchen,
11,11,1994,,,,,,has_dogs,,,,,woman,0,tw,taipei,,straight,,,,,single,yuyingerin,
21,7,1982,average_build,,,,,,socially,never,,,woman,0,tw,hsin-chu,,straight,,catholicism,cancer,sometimes,single,yves1214,
20,9,1989,,,,,,,socially,,,university,woman,156,tw,hsin-chu,,straight,,catholicism,virgo,no,single,yvoni89,
1,12,1987,,,,,,,not_at_all,never,,university,woman,0,tw,tu-ku,,straight,but_its_not_important,buddhism,sagittarius,no,single,yvonne5818,
28,11,1982,,,has,,,,not_at_all,never,working_on,post_grad,woman,0,tw,chang-hua,,straight,,,,no,single,yvonne_1128,
8,11,1996,fit,,doesnt_have,doesnt_want,,,socially,never,working_on,university,woman,160,tw,tai-chung-shih,monogamous,straight,but_its_not_important,christianity,scorpio,no,single,yvonne_jian,
2,2,1979,fit,,,,,,socially,never,,university,woman,0,tw,taipei,,straight,,,,no,single,yvonneleaf,
3,7,1984,,,,,,,,never,,,woman,0,tw,chang-hua,,straight,,,,no,single,yvonnetsz,
31,1,1984,a_little_extra,,,,,,socially,never,,,man,180,tw,tai-yeh-chuang,,straight,,,,sometimes,single,yyepsr,
19,6,1970,,,,,,,,,,,woman,0,tw,taipei,,straight,,,,,single,yyshirl,
22,8,1983,fit,,,,,,socially,never,,post_grad,woman,170,tw,tao-yan,,straight,,,,no,single,yytiff,
13,3,1993,,,,,,,,never,,,woman,0,tw,tai-chung-shih,,straight,,,,,single,yyyyiris,
25,2,1991,,,,,,,,,,,man,0,tw,,,straight,,,,,single,z0o8510a,
18,8,1992,,,,,,,,,,,woman,0,tw,taipei,,straight,,,,,single,z205522,
17,5,1987,fit,,,,,,socially,never,,university,woman,165,tw,kao-hsiung-ka,,straight,,,,no,single,za110474,
17,3,1989,,,,,,,socially,never,,post_grad,man,0,tw,liu-chang-li,,straight,,,,no,single,zac273,
25,2,1997,,,,,,,,,,,woman,0,tw,kao-hsiung-ka,,straight,,,,,single,zakaro,
26,3,1985,,,,,,,,,,,woman,0,tw,hsin-chu,,straight,,,,,single,zeal_26,
22,1,1986,,,,,,,,,,,woman,0,tw,tao-yan,,straight,,,,,single,zel2015,
21,7,1984,,,,,,,often,never,,,man,185,tw,taipei,,straight,,,cancer,no,single,zen-master69,
14,11,1970,fit,,,,,has_dogs,socially,never,,,man,183,tw,,,straight,,,scorpio,,single,zenufo,
22,4,1979,,,doesnt_have,,,,socially,never,,two_year_college,woman,161,tw,tai-chung-shih,,straight,,,taurus,no,single,zeroling,
14,6,1989,average_build,,,,omnivore,,socially,never,,post_grad,man,176,tw,taipei,,straight,and_its_important,christianity,,no,single,zeroo0416,
7,11,1981,average_build,,,,,,socially,never,,,woman,165,tw,hsia-nei-pu,,straight,,,scorpio,sometimes,single,zerotpe,
16,12,1987,,,,,,,,never,,,man,0,tw,taipei,,straight,,,,,single,zhanzhenwei,
30,11,1987,,,,,,,,,,,woman,0,tw,,,straight,,,,,single,zhenl,
26,11,1981,,,,,,,,,,,woman,0,tw,,,straight,,,,,single,zhiela,
10,12,1983,a_little_extra,,,,,has_dogs,socially,never,,,man,0,tw,taipei,,straight,,,,sometimes,open_relationship,zickyku,
4,3,1996,,,,,,,,never,working_on,university,woman,158,tw,kao-hsiung-ka,,straight,,christianity,pisces,no,single,ziyongg,
22,2,1987,rather_not_say,,doesnt_have,might_want,,,socially,never,,,woman,155,tw,tai-chung-shih,,straight,,,aries,no,single,znehr0301,
3,1,1996,,,,,,,,never,,,woman,0,tw,taipei,,straight,,,,,single,zoe_13_dms,
20,9,1975,average_build,,doesnt_have,,vegetarian,,not_at_all,never,,university,woman,164,tw,kao-hsiung-ka,monogamous,straight,,other,virgo,no,single,zoebrain,
11,11,1962,,,,,,,,never,,,woman,0,tw,taipei,,straight,,,,,single,zoechih,
31,12,1987,,,,,,,socially,never,,university,woman,165,tw,,,straight,,,,,single,zoeliuxxx,
25,12,1988,,,,,,,socially,never,,university,woman,165,tw,taipei,,straight,,,,no,single,zoemuaiba,
19,12,1992,fit,has_cats,doesnt_have,,,has_dogs,socially,never,,university,woman,170,tw,kao-hsiung-ka,,straight,,,sagittarius,yes,single,zoetobecute,
13,9,1986,,,,,,,,never,,,woman,0,tw,taipei,,straight,,,,,single,zona_trip,
16,7,1991,,,doesnt_have,,,,often,never,,university,woman,154,tw,taipei,monogamous,straight,,,cancer,no,single,zonalin,
26,1,1994,,,,,,,,,,,man,0,tw,nan-tou,,straight,,,,,single,zongsyue,
12,8,1987,,,doesnt_have,doesnt_want,vegetarian,,not_at_all,never,working_on,university,man,152,tw,tai-chung-shih,,straight,but_its_not_important,agnosticism,leo,no,single,zonurb777,
5,7,1985,,,,,,,,,,,man,0,tw,tai-chung-shih,,straight,,,,,single,zoo_chung,
29,8,1982,,,,,,,,,,,man,0,tw,taipei,,straight,,,,,single,zorrbaa,
6,12,1983,,,,,,,,,,,woman,0,tw,ku-shan-ssu,,straight,,,,,single,zulfaasaurus,
14,9,1983,curvy,,has,might_want,,,,never,,,woman,175,tw,taipei,monogamous,straight,and_its_important,buddhism,,,single,zuniezenny,
18,9,1995,average_build,,,,,,socially,never,,,woman,0,tw,kou-chien-tzu,,straight,,,virgo,no,open_relationship,zuquu,
12,1,1980,average_build,,,,,,socially,never,,,woman,162,tw,taipei,,straight,,,,no,single,zxmn911,
12,2,1982,curvy,,has,,vegan,,socially,never,working_on,,woman,165,tw,taipei,monogamous,straight,,atheism,pisces,no,single,zyl168,
5,10,1985,,,,,,,,,,,woman,0,tw,taipei,,straight,,,,,single,zyxstuv,
29,11,1993,,,,,,has_dogs,socially,never,,,woman,170,tw,taipei,,straight,,,sagittarius,no,single,zz987,
